id,domain,status,purchase_price,renewal_price,attractiveness,demand,length,registrar,created_at,expires_at,status_verified_at
aac2e1cb-273e-4515-aa7b-a642dc898128,adriana.vip,premium,109.69,16.9,high,low,7,porkbun,,,30/09/2026 13:18
012d93fa-17d3-4096-867a-f04929932856,engraved.vip,premium,218.75,24.99,high,low,8,name.com,,,17/08/2026 07:40
d4436f99-d432-4467-9287-a593999ee3a8,yao.vip,premium,,,medium,low,3,,,,28/09/2026 07:58
17dfe9dc-fc78-49a0-aefa-72e7490f6755,spout.vip,premium,750.5,,high,low,5,unstoppable,,,03/10/2026 01:05
01fbad66-9e3a-4f0c-900c-7a3529cd6723,scant.vip,premium,224,17.7,medium,low,5,namesilo,,,09/09/2026 22:36
c546e603-6d0a-41c4-8d74-38586605b9d8,carlisle.vip,premium,116,17.7,high,low,8,namesilo,,,25/09/2026 14:54
a2e577f0-2387-4091-9cdd-ecc978627977,pectoral.vip,premium,224,17.7,medium,low,8,namesilo,,,08/09/2026 11:58
10170f9a-6193-4623-ad3b-0bab1e663e57,uncoupled.vip,available,4.98,10.98,medium,low,9,namecheap,,,12/09/2026 06:17
443e498a-be8e-40a6-bc93-24d59a3d6dbd,accoutered.vip,available,4.98,10.98,medium,low,10,namecheap,,,
f7b74660-d7c0-482d-9ebf-8301177a034b,unused.vip,available,4.99,19.49,medium,low,6,namesilo,,,28/09/2026 09:50
605de738-9ef9-4ce1-aeef-315320f8e519,gladiolus.vip,available,4.98,10.98,high,low,9,namecheap,,,19/08/2026 00:06
d91b466e-9680-4467-b973-298caf8f44cf,annaba.vip,available,4.99,19.49,medium,low,6,namesilo,,,19/09/2026 10:03
29ac1d7e-018a-43c7-99c3-a3f7fc88a737,eric.vip,resell,,,high,medium,4,Dynadot Inc,16/11/2020 21:23,16/11/2029 21:23,26/09/2026 05:53
e374a480-3601-4f16-8971-675efd5897b2,fontenoy.vip,available,4.99,19.49,medium,low,8,namesilo,,,22/09/2026 15:04
3278fc72-dd6d-410e-a6bb-39e55c0bb1ea,grad.vip,premium,6250,24.99,high,low,4,name.com,,,20/08/2026 17:53
e3683468-4078-48cd-9c63-c24e24e7731d,laughing.vip,premium,224,17.7,high,low,8,namesilo,,,25/09/2026 16:41
c317d237-e81b-4045-bb7e-1dc54313de8a,queried.vip,available,4.99,19.49,medium,low,7,namesilo,,,20/09/2026 15:21
cec9ed6b-0f25-4eca-8bfb-0d9329b4008a,gallant.vip,premium,116,17.7,high,low,7,namesilo,,,12/08/2026 06:16
0501ce10-e885-4b1e-9941-b4344c47a152,pant.vip,premium,258.95,15.73,medium,low,4,spaceship,,,03/10/2026 00:54
af0a8d19-a467-43c7-bc65-742d2c50ecbe,allie.vip,premium,302.5,17.7,high,low,5,namesilo,,,17/09/2026 22:42
ade4f3ff-e786-43e1-990b-94fbf051c9dd,reverse.vip,premium,130,19.5,high,low,7,namecheap,,,23/09/2026 22:34
2467e262-a5cb-4997-a8cc-193dedaa7182,dyke.vip,premium,218.75,24.99,medium,low,4,name.com,,,11/08/2026 11:35
af68d23c-937b-4182-826d-0555b9419216,forth.vip,premium,227.5,19.5,high,low,5,namecheap,,,22/09/2026 14:59
dfc347d8-5955-4ead-8d03-12121fbf04d9,ornate.vip,premium,130,19.5,high,low,6,namecheap,,,04/09/2026 17:59
b0aa8c1d-bdf8-4e37-999e-270e0f2cad1a,thumbs.vip,available,4.99,19.49,medium,low,6,namesilo,,,18/09/2026 14:13
c55bbcc1-a21b-4421-97ad-f2185dfe64e1,dogsledding.vip,premium,227.5,19.5,medium,low,11,namecheap,,,20/09/2026 01:02
f02bc38e-5915-43ec-8dba-1dab54177298,downed.vip,available,4.49,5.03,medium,low,6,dynadot,,,02/10/2026 03:42
f2ab7742-3b97-4ea8-9d28-f68dc018695c,flexing.vip,premium,227.5,19.5,high,low,7,namecheap,,,01/10/2026 22:33
c17c90f0-583c-4cf9-8f19-581710fda2f1,situated.vip,premium,224,17.7,medium,low,8,namesilo,,,25/09/2026 14:16
e8825a94-e84e-4b9d-8f49-56b172afbf65,disarmer.vip,available,4.98,10.98,medium,low,8,namecheap,,,04/09/2026 22:39
d68873aa-f011-4a42-95f7-e787ded220d0,flawlessly.vip,available,4.98,10.98,medium,low,10,namecheap,,,12/08/2026 10:23
e4e695d5-c7e7-4e2b-a2ff-4fa28fc17c59,invasion.vip,premium,224,17.7,high,low,8,namesilo,,,27/09/2026 13:26
351c1cf5-da59-44ed-9d2d-d3d7705a0b90,trapper.vip,premium,116,17.7,high,low,7,namesilo,,,02/10/2026 06:34
97677f08-96fd-437f-9ef2-0e8a2a98c137,muffled.vip,premium,224,17.7,medium,low,7,namesilo,,,03/09/2026 10:26
11596784-d88b-449d-b3d1-0dfd44bd057b,uut.vip,premium,6900,17.7,medium,low,3,namesilo,,,20/09/2026 22:17
490ae24e-a5c1-4a93-8774-e69775db0289,dizziness.vip,premium,181.33,15.73,medium,low,9,spaceship,,,30/09/2026 17:01
83de3e66-31af-415c-bbef-87492c7544c7,liquified.vip,available,4.98,10.98,medium,low,9,namecheap,,,23/08/2026 22:47
dbccd5ae-06c8-4ddf-a8f8-e0674bddf4d4,adagio.vip,available,4.98,10.98,high,low,6,namecheap,,,
9c138cb7-fe99-4033-b76f-9cfe6e530982,boylston.vip,premium,,,medium,low,8,,,,01/10/2026 12:42
93f72fd7-ad4c-48fb-b00e-d56594435b55,pushed.vip,available,24.99,24.99,medium,low,6,name.com,,,25/09/2026 18:24
6138401c-4f90-4574-bb75-d818869030c3,aeroplane.vip,premium,224,17.7,high,low,9,namesilo,,,08/09/2026 20:39
d9a074a3-4719-43f8-bd61-d70f90b7049c,torr.vip,premium,175.5,,high,low,4,unstoppable,,,01/10/2026 20:33
aabf42f9-a17f-417b-a275-8f94e8754a83,arum.vip,premium,218.75,24.99,medium,low,4,name.com,,,06/08/2026 20:20
a7d53d02-0abb-40a6-a934-5e0efce34251,infested.vip,premium,224,17.7,low,low,8,namesilo,,,02/10/2026 21:56
70a6a6c9-bf9e-4e2f-9c7e-504df30e1f6f,kurdish.vip,premium,218.75,24.99,medium,low,7,name.com,,,22/08/2026 17:04
7a3dd582-10cf-47f9-9149-e3070d49b663,afresh.vip,available,4.98,10.98,medium,low,6,namecheap,,,13/09/2026 18:01
353da850-e029-4407-8d6f-8558a4610982,freshmen.vip,premium,175.5,,medium,low,8,unstoppable,,,29/09/2026 23:31
f0d95c6b-3f71-44ec-8bd3-7f697aac5368,directs.vip,premium,130,19.5,medium,low,7,namecheap,,,02/10/2026 22:36
e60d8bfa-e12f-4412-aa68-871751ee0860,overseas.vip,premium,224,17.7,high,medium,8,namesilo,,,21/09/2026 14:34
117c34db-d050-42be-9b45-a37615787487,gordian.vip,premium,218.75,24.99,medium,low,7,name.com,,,20/08/2026 17:03
701fc85c-f70a-4547-99c8-d630bf2b7354,anklet.vip,available,4.99,19.49,medium,low,6,namesilo,,,19/09/2026 09:41
069715bb-d3a3-4e54-acff-da8dc1b02d81,inversion.vip,premium,227.5,19.5,high,low,9,namecheap,,,19/09/2026 03:24
8fbe8160-7622-4d40-8597-e1bb735a12fc,centralised.vip,available,3.82,4.9,high,low,11,spaceship,,,02/10/2026 01:46
89b62175-c90b-41d9-b9ee-6e27ab273508,fudge.vip,premium,258.95,15.73,high,low,5,spaceship,,,30/09/2026 09:49
39854c60-7b25-4688-8aa8-3d46ad118e3f,deciduous.vip,premium,218.75,24.99,medium,low,9,name.com,,,13/08/2026 21:26
b4d23b41-1fba-4e3c-aa9e-6305a93ec360,napping.vip,premium,224,17.7,high,low,7,namesilo,,,03/09/2026 13:07
937e8503-a53d-4441-b8a9-88774a867b35,easterly.vip,premium,218.75,24.99,medium,low,8,name.com,,,14/08/2026 22:51
e9cda6d2-6a8f-424b-8162-8a9e02978e21,muhlenberg.vip,premium,191.57,16.9,medium,low,10,porkbun,,,02/10/2026 01:03
ab4e0e30-037c-44f0-b0ae-449c613250fe,testily.vip,available,4.98,10.98,low,low,7,namecheap,,,15/09/2026 09:30
be246d01-7972-4fa9-84c7-87e864c272a2,reflector.vip,premium,,,high,low,9,,,,03/10/2026 01:53
5f11615f-0514-4d04-83cf-f1b4a2ffd0f7,nutlike.vip,available,4.98,10.98,medium,low,7,namecheap,,,03/09/2026 23:16
ea396af4-7ef7-46e1-a160-1f5913a5d5b1,hefty.vip,premium,302.5,17.7,medium,low,5,namesilo,,,11/08/2026 02:48
8db44788-a2e8-484a-8abd-8ae86e823d03,reportable.vip,premium,224,17.7,medium,low,10,namesilo,,,09/09/2026 14:36
978e6cd2-04e4-49dd-a15f-7a17cb3da53b,bullheaded.vip,available,4.98,10.98,medium,low,10,namecheap,,,11/08/2026 08:30
6eeb0af6-96d8-4433-89d8-8c22cd8863db,abasic.vip,available,4.98,10.98,medium,low,6,namecheap,,,
986533cc-143d-4e87-9f05-b56c6f26e6d1,rubberize.vip,available,4.98,10.98,high,medium,9,namecheap,,,09/09/2026 19:13
e2cba8be-7204-4312-8efc-0ce1e9d243f5,adirondack.vip,premium,,,medium,low,10,,,,28/09/2026 21:35
3ee23af2-bfa9-4ad0-a102-ac397cecb660,diagnostic.vip,premium,218.75,24.99,high,low,10,name.com,,,14/08/2026 05:47
67fbdd58-25e3-4350-b611-52be44b8e688,dialing.vip,premium,,,high,low,7,,,,02/10/2026 18:17
270eeaa0-c34c-4d2c-b042-e655749e6f29,fashioned.vip,premium,218.75,24.99,high,low,9,name.com,,,17/08/2026 23:02
90afae7d-9219-49c0-9fce-1c1d1f3efc3c,preserves.vip,premium,224,17.7,high,low,9,namesilo,,,30/09/2026 16:46
71435739-215c-4872-a208-c24b66f75df4,loyola.vip,available,4.98,10.98,medium,low,6,namecheap,,,25/09/2026 07:44
6243469a-4c4f-4f48-b82a-759614df4f21,flaw.vip,premium,224,17.7,medium,low,4,namesilo,,,29/09/2026 00:57
a3b62b74-cf38-4bab-b6c1-9cca03dead46,lewis.vip,premium,3450,17.7,high,low,5,namesilo,,,25/09/2026 03:55
55f42e8e-27cc-41f5-80e8-55e3ccfe7ca4,unpaved.vip,premium,224,17.7,medium,low,7,namesilo,,,12/09/2026 16:34
dcaf0157-9719-407c-9d3c-8d677cb25425,agrimonia.vip,available,4.98,10.98,medium,low,9,namecheap,,,17/09/2026 19:28
da77f0ec-3bf4-4934-bc80-f7be4c15ff70,asserted.vip,premium,218.75,24.99,medium,low,8,name.com,,,07/08/2026 05:54
aefb4db0-fd88-46f2-b2e2-77b71fcb7b4d,barramundi.vip,premium,227.5,19.5,medium,low,10,namecheap,,,20/09/2026 14:04
b72c4c13-7dfd-481b-bf75-9c3decde8c83,inferno.vip,premium,302.5,17.7,high,low,7,namesilo,,,24/09/2026 17:14
37b7818b-fb22-4414-8b0b-7c8d823d22cb,buick.vip,resell,,,high,low,5,,,,30/09/2026 12:46
9b345728-ecf2-4c10-bdbe-9f3bb755a399,pigfish.vip,available,4.99,19.49,medium,low,7,namesilo,,,17/09/2026 00:46
02b65a11-0d37-40f5-9591-5a04773600a8,punctured.vip,premium,224,17.7,medium,low,9,namesilo,,,08/09/2026 16:56
62b57f5c-b124-4d77-b37f-9930df67912e,gunpowder.vip,premium,,,high,low,9,,,,29/09/2026 12:59
8cf97f80-7bdf-4ad8-8944-2092361e2dbd,heading.vip,premium,116,17.7,high,low,7,namesilo,,,25/09/2026 07:40
85731ad9-a15f-4c47-b889-f22513419a7a,withdrawn.vip,available,4.98,10.98,medium,low,9,namecheap,,,22/08/2026 03:25
80975edf-a55e-4138-b981-b8990864fe67,raleigh.vip,premium,640,17.7,high,low,7,namesilo,,,25/09/2026 03:57
cc70c8be-19ed-4f4b-ba4a-0e108eca1c7d,textile.vip,premium,1107,17.7,high,low,7,namesilo,,,28/09/2026 02:25
3b815ab2-5d28-45c1-90a5-89cab7049eaf,challenging.vip,premium,181.33,15.73,high,low,11,spaceship,,,01/10/2026 19:37
b13cddfd-ef43-4a1a-82fd-140dd3db8636,ariana.vip,premium,325,19.5,high,low,6,namecheap,,,20/09/2026 05:10
161ae185-6773-4840-86d1-a4a8a5e97f25,aloof.vip,premium,218.75,24.99,high,low,5,name.com,,,
4ee275df-eeec-44d6-ae38-012036ff9686,nui.vip,premium,6900,17.7,high,low,3,namesilo,,,01/10/2026 23:21
067d95fb-2cc2-4481-95ee-2e57f4b3e5ce,customized.vip,premium,1035.2,15.73,medium,low,10,spaceship,,,30/09/2026 23:17
484c4eb2-9768-4a65-9b04-f4c5f5ca824c,lanark.vip,available,15.2,15.2,medium,low,6,cloudflare,,,02/10/2026 20:43
54ab318f-0344-4588-80d6-e1e833550013,balkans.vip,available,4.99,19.49,medium,low,7,namesilo,,,21/09/2026 22:15
3d7bed94-05b9-4300-af31-39ff5f13f6bc,stretching.vip,premium,175.5,,medium,low,10,unstoppable,,,29/09/2026 02:14
bd0a98b9-10ab-4e2a-8590-c0d2a39cda45,crummy.vip,available,4.98,10.98,medium,low,6,namecheap,,,11/08/2026 09:02
c308e46d-d5b7-4c02-a859-d8c2b1f5fd2b,alkyl.vip,premium,53.92,17.7,medium,low,5,namesilo,,,18/09/2026 08:34
a6285ec1-87b5-4799-a8ab-60d707e0203d,dismantle.vip,premium,224,17.7,high,low,9,namesilo,,,02/10/2026 06:42
4ac9cdc0-f1fe-4156-9dda-e9b0d15f3220,elm.vip,premium,,,high,low,3,Alibaba Cloud Computing Ltd. d/b/a HiChina (www.net.cn),22/11/2016 16:22,22/11/2026 16:22,30/09/2026 09:31
c59ca489-99e4-4240-82b2-91a259557c11,attester.vip,available,4.99,19.49,medium,low,8,namesilo,,,21/09/2026 01:41
70dc8406-b0e8-481e-8e7f-9c9436d4d882,forthright.vip,premium,218.75,24.99,high,low,10,name.com,,,11/08/2026 16:42
55c2cdb1-30cc-4fd0-83a5-c96e678112ef,suspect.vip,premium,116,17.7,high,low,7,namesilo,,,28/09/2026 02:06
6176bbf7-f0f5-45f0-b5eb-8f6a5f34832a,sumter.vip,available,4.99,19.49,medium,low,6,namesilo,,,28/09/2026 12:23
e6363999-7337-4e6b-8cab-3c622a20eea2,turbine.vip,premium,258.95,15.73,high,low,7,spaceship,,,30/09/2026 03:04
9c5c6122-5d77-4605-a086-170bb5683a86,samarkand.vip,available,4.99,19.49,medium,low,9,namesilo,,,02/10/2026 06:19
1b43316f-29aa-4561-ac33-be7b0e2b0f3d,loud.vip,premium,227.5,19.5,high,low,4,namecheap,,,24/09/2026 19:25
062e16f9-e082-478f-b095-a1844a940e22,yucky.vip,premium,218.75,24.99,medium,low,5,name.com,,,14/08/2026 10:51
d67a9713-1e1e-4d8c-a44e-d0bc511796f5,asur.vip,premium,224,17.7,medium,low,4,namesilo,,,20/09/2026 16:43
c5d96cf7-fc53-4846-b2d3-c630d8affe78,rejecting.vip,premium,224,17.7,low,low,9,namesilo,,,30/09/2026 00:04
c3d8413a-614a-4558-9091-998e15cfb8df,untucked.vip,premium,224,17.7,low,low,8,namesilo,,,12/09/2026 21:50
43814925-7ec4-475b-b0db-3a9f0182af8b,authenticity.vip,premium,,,high,low,12,,,,29/09/2026 23:07
d36127a0-0177-4b57-a9a6-ce926b51db0f,ayr.vip,premium,6900,17.7,high,low,3,namesilo,,,21/09/2026 10:41
ebe0138e-80f2-4a6d-b1e9-a159f5c52c49,sensate.vip,premium,224,17.7,high,low,7,namesilo,,,10/09/2026 03:44
b988abb9-45af-4b04-8dc7-270668ea8013,terribly.vip,premium,224,17.7,medium,low,8,namesilo,,,22/09/2026 15:23
eee45352-4d0e-4fa1-8b0e-317ec6e0ed6a,checked.vip,premium,1107,17.7,high,low,7,namesilo,,,12/08/2026 03:36
c77c0aef-360f-4156-80d4-cc7187cb715e,sweetsop.vip,available,4.99,19.49,medium,low,8,namesilo,,,19/09/2026 10:27
57c76435-b3bf-4cc9-bf56-7f80ecc6c23e,convent.vip,premium,,,medium,low,7,,,,29/09/2026 11:58
147e1e14-cab6-450c-9504-9c3c1b7086a7,practitioners.vip,available,4.98,10.98,medium,low,13,namecheap,,,20/09/2026 23:01
af935316-9f85-4f5c-ae40-4bb383792719,ldp.vip,premium,6900,17.7,high,low,3,namesilo,,,30/09/2026 03:15
6d140d1c-54bf-4f44-bc04-bb05cc0b1345,berzelius.vip,available,4.99,19.49,medium,low,9,namesilo,,,23/09/2026 10:24
9e67c12b-5d29-4a89-8295-48f5825ddeb2,allopathic.vip,available,4.98,10.98,medium,low,10,namecheap,,,
d40b7161-3b60-41be-a1bd-f563510750d1,athenaeum.vip,premium,224,17.7,medium,low,9,namesilo,,,20/09/2026 20:40
fd648d5f-eaa0-4faa-83d5-24e39fc6a1c0,oratorical.vip,available,4.98,10.98,medium,low,10,namecheap,,,04/09/2026 17:30
f3f82461-bfd6-481d-a00c-1677fc6091a1,recording.vip,premium,1107,17.7,high,low,9,namesilo,,,30/09/2026 09:21
419030e2-1c19-40b2-97c4-f8c488760dd7,advancement.vip,premium,192.5,5.03,high,low,11,dynadot,,,29/09/2026 10:15
79c4135f-274d-483b-94aa-4b3511e9ebb9,obeisance.vip,available,4.98,10.98,high,medium,9,namecheap,,,10/08/2026 23:35
f9b44fb8-3773-4117-9b10-a042047dbe12,engaged.vip,premium,218.75,24.99,high,low,7,name.com,,,10/08/2026 19:07
e423071f-4264-4537-a82a-b7bd7be2e821,improvement.vip,premium,1107,17.7,high,low,11,namesilo,,,28/09/2026 16:57
af9e480c-052a-46b3-b9f4-c4ca6976bbf7,sharply.vip,premium,181.33,15.73,medium,low,7,spaceship,,,27/09/2026 20:32
bfe0e02b-4145-4824-860a-344eb1bb5714,araneae.vip,available,4.99,19.49,medium,low,7,namesilo,,,20/09/2026 00:06
c9af9d76-b281-4743-b562-4f206605a5d9,trepid.vip,available,4.98,10.98,medium,low,6,namecheap,,,11/09/2026 16:07
46b0c405-80fa-4729-b95e-a1cc01c9da77,overseeing.vip,available,15.2,15.2,medium,low,10,cloudflare,,,02/10/2026 12:43
209629f1-93d7-48c2-a5c0-70446076f5f9,apocynum.vip,available,4.98,10.98,medium,low,8,namecheap,,,19/09/2026 18:15
524c7ff4-fbd3-47c8-8bf7-de476ae00239,ageing.vip,available,4.99,19.49,high,low,6,namesilo,,,21/09/2026 22:43
3035fab5-7f8d-4e96-a07a-ab6088841abe,noon.vip,premium,258.95,15.73,high,low,4,spaceship,,,29/09/2026 22:44
347bc869-6af5-4df4-a7ad-e0961d218546,aggregates.vip,available,4.99,19.49,medium,low,10,namesilo,,,28/09/2026 08:51
6cca18ec-8aa0-4a0f-be14-ca21a5936eec,upstage.vip,premium,218.75,24.99,medium,low,7,name.com,,,
4462fa5f-9d7d-42cb-a4c5-7d09c54695bb,chap.vip,premium,227.5,19.5,medium,low,4,namecheap,,,24/09/2026 06:13
d2e116b6-bfb7-46ea-947d-8888c8f3cbf9,uninformed.vip,available,4.98,10.98,medium,low,10,namecheap,,,12/09/2026 13:22
0caceb91-874a-4b26-9036-74d884037d8e,stilt.vip,premium,224,17.7,medium,low,5,namesilo,,,21/09/2026 04:51
2f908d2b-a11a-47f9-8597-aa9f6ee51341,chicana.vip,available,4.99,19.49,high,low,7,namesilo,,,03/10/2026 03:37
34ed40a5-f796-45b8-aada-468653920256,bountied.vip,available,4.98,10.98,high,medium,8,namecheap,,,10/08/2026 22:40
263c9030-311c-4ae8-92f5-322a849b488b,noachian.vip,available,4.98,10.98,medium,low,8,namecheap,,,03/09/2026 17:58
4a08f95a-7dca-4a73-bc36-2ac066e2aa60,aqua.vip,resell,,,high,medium,4,Dynadot Inc,06/03/2025 15:31,06/03/2029 15:31,26/09/2026 03:57
77ca2fa1-ceaa-49dd-87b9-b22d1e1f5716,aphasia.vip,available,4.99,19.49,medium,low,7,namesilo,,,19/09/2026 16:53
9e5ec3f8-9ed7-4381-a4a9-f04309f01bba,blattodea.vip,available,4.99,19.49,medium,low,9,namesilo,,,24/09/2026 04:54
ede36130-578e-41d3-a6df-000903ed868c,mohammedan.vip,available,4.98,10.98,medium,low,10,namecheap,,,25/08/2026 03:23
4fdf9021-db9a-4bb3-b6af-c28d759d0459,least.vip,premium,1300,19.5,high,low,5,namecheap,,,25/09/2026 13:24
4918a126-acea-4760-a1b7-facce4b16315,armenian.vip,premium,53.92,17.7,high,low,8,namesilo,,,06/08/2026 19:39
a92648fc-3f40-419d-91e2-3a1d582c15ac,excuse.vip,premium,224,17.7,high,low,6,namesilo,,,25/09/2026 22:39
0b25fb67-a5e4-4476-b4fd-f12db301889b,ignoble.vip,premium,218.75,24.99,medium,low,7,name.com,,,21/08/2026 18:23
dfbb4695-7da9-42cb-8322-ff6f7c149357,orleans.vip,premium,1107,17.7,high,low,7,namesilo,,,30/09/2026 06:15
b8b7f24f-8aea-45ae-bf59-07f86ea4962e,michelle.vip,resell,,,high,low,8,Dynadot Inc,16/11/2020 21:24,16/11/2028 21:24,26/09/2026 07:32
a02ede5e-37e3-4dc4-ae42-dd1cb9cd819a,kwajalein.vip,available,3.82,4.9,medium,low,9,spaceship,,,03/10/2026 01:26
5e4165bd-3577-49e5-83fd-6d5be373a574,tone.vip,premium,5175.2,15.73,high,low,4,spaceship,,,29/09/2026 19:30
fd083418-538d-4afc-bd2e-b065a0226162,dfa.vip,premium,5175.2,15.73,high,low,3,spaceship,,,03/10/2026 02:42
1eff6fc8-17d2-4673-81ce-da945d3d1f23,exploiting.vip,premium,227.5,19.5,medium,low,10,namecheap,,,30/09/2026 15:07
b83911bb-d854-47eb-8e34-c9f3723e1c38,cryptical.vip,available,4.98,10.98,medium,low,9,namecheap,,,11/08/2026 12:19
014c1ea5-f7ab-4063-9afe-39cf4997e059,wald.vip,premium,227.5,19.5,high,low,4,namecheap,,,29/09/2026 21:04
f443a62f-f6a0-42c5-aad3-f41fb32c58c7,liberated.vip,premium,218.75,24.99,high,low,9,name.com,,,16/08/2026 06:20
1a65eb66-3a8b-4288-81a7-bcbddeb4342c,annotation.vip,premium,224,17.7,high,low,10,namesilo,,,19/09/2026 10:38
0b37aa61-388c-477f-9925-9fad5211b1bc,eloquently.vip,premium,227.5,19.5,medium,low,10,namecheap,,,13/09/2026 20:54
2e0bed0d-a543-4634-8d1b-f55cafdefdd9,blushing.vip,premium,181.33,15.73,high,low,8,spaceship,,,02/10/2026 07:03
27e20d14-8999-487c-81e5-823afa9fabf2,lawrencium.vip,available,4.98,10.98,medium,low,10,namecheap,,,20/09/2026 22:00
2504eb8e-2529-4633-b63d-7566ea349582,ufa.vip,premium,5000.5,,high,low,3,unstoppable,,,30/09/2026 19:03
801e92ef-c14c-41da-89f2-5d76ec10e6b9,judgments.vip,premium,191.57,16.9,medium,low,9,porkbun,,,30/09/2026 15:26
bee8afbf-5a91-41a4-8844-57bd0cd8f3de,devolve.vip,premium,218.75,24.99,medium,low,7,name.com,,,13/08/2026 23:59
8c1a38a2-7a3e-41fb-a946-dccc6125b28c,ears.vip,premium,6900,17.7,medium,low,4,namesilo,,,25/09/2026 16:57
4d5da061-6a95-4982-9621-5e9ed826d3a0,blueberries.vip,premium,227.5,19.5,high,low,11,namecheap,,,17/09/2026 17:28
4612ba9a-825d-49b8-b124-18e091b3cb57,additional.vip,premium,227.5,19.5,high,low,10,namecheap,,,21/09/2026 17:14
dd67178d-af19-4ecd-9cee-af5e8be284f6,typed.vip,premium,224,17.7,high,low,5,namesilo,,,17/09/2026 22:44
74ade3ee-635e-4f75-8438-b09b99a55132,guinean.vip,available,4.98,10.98,medium,low,7,namecheap,,,20/08/2026 20:52
007d6119-a021-4091-ad54-f5c885e2b4ac,onager.vip,available,4.99,19.49,medium,low,6,namesilo,,,20/09/2026 00:38
69c6c304-5716-41d2-ad3d-6b64dc8319e6,tapping.vip,premium,175.5,,high,low,7,unstoppable,,,28/09/2026 20:35
08fcc115-990a-4e68-9766-1c31fe244d95,arisaema.vip,available,4.99,19.49,medium,low,8,namesilo,,,20/09/2026 05:35
4adffd6b-536f-44e8-8af6-5e1e0cb01159,discount.vip,premium,3450,17.7,high,low,8,namesilo,,,29/09/2026 01:01
4094a7ae-3988-420c-9fdd-433b2d0b2b69,sterling.vip,resell,,,high,low,8,"Chengdu West Dimension Digital Technology Co., Ltd.",26/05/2020 12:06,26/05/2027 12:06,26/09/2026 09:18
234fdce7-e690-437d-9dc2-0d4512e6fff4,dickie.vip,available,4.98,10.98,medium,low,6,namecheap,,,14/08/2026 06:30
219f22a7-bfda-4945-8076-0447cbe4311d,devices.vip,premium,224,17.7,high,low,7,namesilo,,,02/10/2026 12:17
be30b7c4-fb66-4896-b923-36676f6ee551,heretical.vip,available,4.98,10.98,medium,low,9,namecheap,,,14/08/2026 12:35
25fe5982-3c0f-4eb8-a5af-0de85a50c172,ene.vip,premium,6500,19.5,high,low,3,namecheap,,,03/10/2026 00:32
03250b0a-52b8-43dc-abb5-da07b2c9485f,humorous.vip,premium,224,17.7,high,low,8,namesilo,,,25/09/2026 06:35
12e0f3e1-eb3e-4af5-a197-1a26db9f49f4,ardennes.vip,premium,302.5,17.7,medium,low,8,namesilo,,,20/09/2026 03:09
4cb44170-e217-42cd-b445-adffb442015e,fugitives.vip,premium,175.5,,low,low,9,unstoppable,,,02/10/2026 13:06
14c4cf3e-a51c-4a64-801c-e02358ce949f,blasts.vip,available,4.98,10.98,medium,low,6,namecheap,,,02/10/2026 13:35
69a810a3-be24-438f-bff9-5c7aa5742a31,beethoven.vip,premium,224,17.7,high,low,9,namesilo,,,23/09/2026 01:53
0a3d52e4-6dd5-4758-9073-ab3522ac8736,afoot.vip,premium,218.75,24.99,medium,low,5,name.com,,,
f7a11490-6f8d-4ba6-bdd8-ffe85be33ba5,perception.vip,premium,960,17.7,high,low,10,namesilo,,,28/09/2026 10:42
fa75d85a-b2c8-41a5-a58b-202469ad44a0,researcher.vip,premium,227.5,19.5,high,low,10,namecheap,,,01/10/2026 11:13
feeff01f-b656-48a4-8045-8609435c24ce,gladys.vip,premium,116,17.7,medium,low,6,namesilo,,,26/09/2026 03:41
8afddef0-3684-421e-8e04-4bfd466658f8,trim.vip,premium,6250,24.99,high,low,4,name.com,,,12/08/2026 10:14
a26acc7e-e19f-4bc7-9bd2-7799508659dd,mattered.vip,premium,181.33,15.73,medium,low,8,spaceship,,,01/10/2026 18:12
8a0b3eec-1bd5-4e7b-a7ea-4e951e084857,habited.vip,available,4.98,10.98,medium,low,7,namecheap,,,20/08/2026 21:27
acc9b363-4579-4d28-a72e-9d24fa517ee7,tortious.vip,available,4.98,10.98,medium,low,8,namecheap,,,11/09/2026 17:59
26a84435-4ce2-4179-beaa-c9d8ecd6869a,photographs.vip,premium,224,17.7,medium,low,11,namesilo,,,27/09/2026 09:34
5236941f-55bf-49c0-b5ad-3b9dcbf81911,itf.vip,premium,,,high,high,3,,,,29/09/2026 15:03
32909dd9-552b-4a24-a568-c9e5002164d5,lecturer.vip,premium,181.33,15.73,high,low,8,spaceship,,,30/09/2026 10:24
c8167e1c-c878-4670-a2b8-cc1d5fbad27f,mile.vip,premium,3125,,high,low,4,name.com,,,28/09/2026 18:43
57de8ce5-5dca-4ad4-8859-1e0fe71b9467,unsullied.vip,premium,227.5,19.5,medium,low,9,namecheap,,,10/09/2026 18:19
88278592-858c-4180-8439-9894aabd6bf1,voucher.vip,resell,,,high,low,7,,,,01/10/2026 01:36
4da088cc-bc96-4ec7-aad6-582e3b77dc02,zeeland.vip,premium,100.5,,medium,low,7,unstoppable,,,02/10/2026 08:22
6bca707c-72c2-4ded-8d6a-97fbafa8863b,bandolier.vip,available,4.99,19.49,medium,low,9,namesilo,,,22/09/2026 01:27
5403bac0-d5f2-42ff-931c-2ab32a73fc40,stearns.vip,premium,192.5,5.03,medium,low,7,dynadot,,,28/09/2026 12:25
8073b567-bc38-459b-880b-1fd8abcc065b,evaluated.vip,premium,175.5,,medium,low,9,unstoppable,,,01/10/2026 16:32
fa69849d-be19-4264-8582-f77472280d81,hillary.vip,premium,116,17.7,medium,low,7,namesilo,,,27/09/2026 03:48
3f9036d0-8491-4722-9035-5b0cf0a0512c,lettered.vip,available,4.98,10.98,medium,low,8,namecheap,,,22/08/2026 16:54
653d7ed2-8130-4b41-b314-1a94bc6e2d6a,astasia.vip,available,4.99,19.49,medium,low,7,namesilo,,,20/09/2026 16:54
3124701d-afc4-4bc0-952e-0eb8811738ee,fayetteville.vip,premium,650,19.5,medium,low,12,namecheap,,,28/09/2026 04:16
522987c5-23f2-4923-8c95-aa5a878cee88,pillow.vip,premium,258.95,15.73,high,low,6,spaceship,,,28/09/2026 02:55
f151ff00-fcc1-4ff5-b730-62fadc96c9d7,nitrogen.vip,premium,227.5,19.5,high,low,8,namecheap,,,20/09/2026 23:37
73c3bd52-4a29-43c9-8118-de431c575aa9,anguine.vip,available,4.98,10.98,low,low,7,namecheap,,,
3cbe250a-2712-4de6-84b0-2374619e65eb,papers.vip,premium,116,17.7,high,low,6,namesilo,,,24/09/2026 23:21
bc0312f0-c4c0-40a7-bce7-e50616f3319b,colorfast.vip,available,4.98,10.98,medium,low,9,namecheap,,,12/08/2026 17:50
4f0c4011-a456-4d35-8022-e8b430a14746,zamang.vip,available,4.99,19.49,medium,low,6,namesilo,,,18/09/2026 03:18
1e1bf7a6-479d-4527-8848-e3abddfc3f8b,palmate.vip,available,4.98,10.98,medium,low,7,namecheap,,,04/09/2026 23:55
e099a7a3-cb4b-4099-881d-df49c00764ae,knows.vip,premium,192.5,5.03,medium,low,5,dynadot,,,01/10/2026 18:35
7b181d5b-e765-470e-b866-9919d38c4e3b,relinquish.vip,premium,181.33,15.73,high,low,10,spaceship,,,01/10/2026 21:29
f561c490-39c9-4c47-9bd6-c6be7845507f,ratings.vip,premium,1107,17.7,medium,low,7,namesilo,,,19/09/2026 11:52
8f94dc79-edb5-429c-8225-bd72e32769da,osmotic.vip,premium,218.75,24.99,medium,low,7,name.com,,,04/09/2026 18:15
87ccd302-f565-42cf-a363-c6a04c20214d,gender.vip,premium,103.7,15.73,high,low,6,spaceship,,,28/09/2026 14:16
3b9759bf-4758-447e-9673-42ae552b22b4,edges.vip,premium,227.5,19.5,medium,low,5,namecheap,,,28/09/2026 22:54
e42194a3-9094-469a-96e8-32fb741117cc,nations.vip,premium,1100,5.03,medium,low,7,dynadot,,,27/09/2026 22:54
1b89983d-426a-44a0-83aa-4ca85960769f,basswood.vip,available,4.99,19.49,medium,low,8,namesilo,,,22/09/2026 12:34
ddf5ec53-313c-4775-920d-9c2d4b1beaf0,tactile.vip,premium,218.75,24.99,high,low,7,name.com,,,21/08/2026 00:02
a9e07b4d-67fa-4813-aba6-e726896a2ea4,nought.vip,available,4.99,19.49,high,low,6,namesilo,,,21/09/2026 10:34
43ff09dd-e22b-4f07-9cff-903a37a95098,trombone.vip,premium,181.33,15.73,high,low,8,spaceship,,,01/10/2026 22:00
f125596b-5a3f-43c2-9d67-bc52f695dc60,interfere.vip,premium,192.5,5.03,high,low,9,dynadot,,,28/09/2026 03:20
98e30267-16a9-4635-a264-4648dffffcb4,innings.vip,premium,116,17.7,high,low,7,namesilo,,,02/10/2026 05:24
8cf03eac-36f5-4aaf-94bd-8f54adda7012,bunch.vip,premium,2500.5,,high,low,5,unstoppable,,,29/09/2026 05:23
fc8eb2fd-3edf-4d5f-a653-fd71af75ccb4,patriarch.vip,premium,181.33,15.73,high,low,9,spaceship,,,02/10/2026 16:20
e6ca0606-e4ae-49b5-8ce2-a6141feb0a1f,birmingham.vip,premium,625,24.99,high,low,10,name.com,,,11/08/2026 06:43
01a735e8-2df3-4d13-9782-c3f472b15363,chill.vip,resell,,,high,low,5,Sav.com LLC,17/05/2021 14:08,17/05/2027 14:08,26/09/2026 04:55
e61ab02a-99ff-4941-b539-2ce30c3a091f,mecca.vip,resell,,,high,low,5,Dynadot Inc,22/05/2016 19:28,22/05/2029 19:28,30/09/2026 04:13
8c5c9315-a298-42c4-b1f7-dedb1f25e445,franconia.vip,available,15.2,15.2,medium,low,9,cloudflare,,,30/09/2026 13:25
d5285d72-8855-45b7-86bb-28ff7e0f5ff6,binger.vip,available,4.99,19.49,medium,low,6,namesilo,,,23/09/2026 17:33
ebbf8c6b-baf2-4d0c-a850-f1cdf21f77f6,affect.vip,premium,1107,17.7,high,low,6,namesilo,,,27/09/2026 05:35
cb51f296-96c1-4bfe-be81-b3cc41e87999,intensity.vip,premium,1107,17.7,high,low,9,namesilo,,,28/09/2026 09:23
0710a4a8-a4a6-4e7d-b93f-9b00f44c0d7c,agrologic.vip,available,4.98,10.98,medium,low,9,namecheap,,,
50e248ba-b6aa-46ab-9e46-e384a3e4b55f,insist.vip,available,15.2,15.2,high,low,6,cloudflare,,,30/09/2026 20:17
b2ce2ad6-7856-4f19-af04-eb77bce05879,difficulties.vip,premium,227.5,19.5,high,low,12,namecheap,,,17/09/2026 21:37
7812b18d-83f2-4bfe-ba4e-6fddb52fd0d8,cruciform.vip,premium,218.75,24.99,medium,low,9,name.com,,,13/08/2026 08:42
25289ffe-0c38-4cf5-a039-31a059563c66,wheels.vip,premium,1107,17.7,high,low,6,namesilo,,,17/09/2026 12:21
134c00b5-7926-464a-ac68-26388fb00ede,oscine.vip,available,4.98,10.98,medium,low,6,namecheap,,,04/09/2026 18:11
a2857efe-b2f4-4156-b4e2-7a641f627660,mechanic.vip,premium,640,17.7,high,low,8,namesilo,,,25/09/2026 18:40
f116b650-f405-4103-9504-faffe0bc4b79,worthwhile.vip,premium,224,17.7,high,low,10,namesilo,,,28/09/2026 11:04
162327ab-e31a-49c7-9c4a-95cd7ab327db,uprightly.vip,available,4.98,10.98,medium,low,9,namecheap,,,15/09/2026 01:06
20dbbf0a-afa4-4362-a951-d8e525a38f45,mutilated.vip,premium,218.75,24.99,medium,low,9,name.com,,,24/08/2026 13:22
13634081-42d5-49d0-9048-7eab408244cd,manning.vip,premium,1035.2,15.73,high,low,7,spaceship,,,02/10/2026 00:34
b063efd0-23a1-4b16-b641-cc30eda85ae4,boyce.vip,premium,192.5,5.03,medium,low,5,dynadot,,,28/09/2026 11:42
f664a9c2-8749-4b9f-9c97-6727eae64cf0,prized.vip,available,20.5,,high,low,6,unstoppable,,,30/09/2026 03:57
e01c9ec0-1414-419c-8da8-2949cc843451,lumbar.vip,available,4.98,10.98,high,low,6,namecheap,,,24/08/2026 11:06
07b9bb37-0882-4a38-a4df-079336d498d3,champaign.vip,premium,227.5,19.5,medium,low,9,namecheap,,,08/09/2026 20:30
8727600d-8109-4c35-a36a-62808f0cfebf,bathymetry.vip,available,4.99,19.49,medium,low,10,namesilo,,,22/09/2026 13:55
9e57f694-d76f-4a73-99cd-b88c9c23cde9,ismail.vip,resell,,,medium,low,6,,,,28/09/2026 11:55
251281e1-71fa-4da4-82e7-51ab409a3c24,rummy.vip,resell,,,high,low,5,"GoDaddy.com, LLC",25/06/2018 19:03,25/06/2028 19:03,26/09/2026 08:46
2955c801-88d4-40b0-969f-0bb3dfe3dcd2,puri.vip,premium,192.5,5.03,high,low,4,dynadot,,,30/09/2026 11:54
cee48cc6-b11c-4318-9f22-e6bde8e7e349,vitreous.vip,premium,224,17.7,medium,low,8,namesilo,,,13/09/2026 06:18
92e91576-60ef-4ec7-84a1-714318416afe,centralized.vip,available,3.82,4.9,high,low,11,spaceship,,,02/10/2026 18:24
0a821767-f0dc-4c2c-beb6-f15c377d662e,nikki.vip,premium,3450,17.7,high,low,5,namesilo,,,28/09/2026 07:47
8fc60016-c153-4c87-9825-965fc0243c37,overjoyed.vip,premium,227.5,19.5,high,low,9,namecheap,,,04/09/2026 20:49
301833a4-a571-4fcf-aa6a-e0fbde704a58,bargain.vip,premium,2750,5.03,high,low,7,dynadot,,,29/09/2026 01:09
d35e68ad-3536-4950-9d51-38ae9548294d,infective.vip,available,4.98,10.98,medium,low,9,namecheap,,,22/08/2026 04:14
f38c13cb-d271-4157-b409-4e18ecb7b472,nunavut.vip,premium,192.5,5.03,medium,low,7,dynadot,,,02/10/2026 05:58
938be9cc-149b-4cb2-b6ff-c9bcb856411d,atonality.vip,available,4.99,19.49,medium,low,9,namesilo,,,21/09/2026 00:25
97189b66-71ed-4408-8a64-5ec35972718c,reclusive.vip,premium,224,17.7,medium,low,9,namesilo,,,09/09/2026 11:40
5a280e50-67af-404d-ad7e-da9d6107e93c,antipodal.vip,available,4.98,10.98,medium,low,9,namecheap,,,
990a3b64-086f-4fae-9beb-9f613a5b1c06,bleached.vip,premium,218.75,24.99,medium,low,8,name.com,,,10/08/2026 13:52
c2d9504c-8b41-4d7e-8a16-cf84b4a72f13,dla.vip,premium,5175.2,15.73,high,low,3,spaceship,,,01/10/2026 11:00
c646a75d-f28a-4f3c-9950-16733c6bb4c1,sickly.vip,available,4.98,10.98,high,low,6,namecheap,,,
8390e2cb-8afb-4ef8-b203-7d2a4c86105d,citation.vip,premium,181.33,15.73,high,low,8,spaceship,,,29/09/2026 18:20
3eadc86f-f805-4e5f-b637-3b410e97b3c8,immaculate.vip,premium,1107,17.7,high,low,10,namesilo,,,18/08/2026 00:07
9806f700-c2ce-4f32-9fbb-a924d9cc079e,lissome.vip,available,4.98,10.98,medium,low,7,namecheap,,,23/08/2026 23:39
93f782fc-4ec3-4f67-b15b-54a9276d0219,edson.vip,premium,224,17.7,medium,low,5,namesilo,,,30/09/2026 05:36
bdf2cfd8-69db-4621-b681-72ea4bb71f1d,pointers.vip,premium,224,17.7,medium,low,8,namesilo,,,02/10/2026 02:15
7f792102-8acb-4423-a8b7-073ccb798158,airedale.vip,premium,224,17.7,medium,low,8,namesilo,,,17/09/2026 23:08
d5e7a5e7-56e5-4b62-9d01-8ee9e114ed70,unstudied.vip,available,4.98,10.98,medium,low,9,namecheap,,,12/09/2026 06:07
56243ee6-1f41-4dd2-bcfd-5bcd1668a2f9,puebla.vip,premium,,,medium,low,6,,,,28/09/2026 10:03
848ce1f4-22e0-4ab1-8416-f4bc9c46e051,usefully.vip,available,4.99,19.49,medium,low,8,namesilo,,,16/09/2026 10:28
7868bae3-fa85-4d1b-aee1-f3e519cff141,tipped.vip,premium,116,17.7,high,low,6,namesilo,,,07/08/2026 13:33
65daf6ef-6c32-46ec-8c11-f2d4f5497fed,swap.vip,resell,,,high,medium,4,Alibaba Cloud Computing Ltd. d/b/a HiChina (www.net.cn),19/02/2021 11:31,19/02/2027 11:31,29/09/2026 01:19
e1a5ef9c-abc3-4083-a2a8-f6c36bdb304a,volitional.vip,available,4.98,10.98,medium,low,10,namecheap,,,13/09/2026 06:50
70c7921d-5cd5-4b4a-ac92-ad1e91d898c5,despondent.vip,available,4.98,10.98,medium,low,10,namecheap,,,24/09/2026 06:51
ae3549b4-9c07-4313-82cb-b9268e845ecd,slovene.vip,available,3.82,4.9,medium,low,7,spaceship,,,28/09/2026 20:30
597c073d-98c0-4c74-8e15-e8c82ad0a92e,rape.vip,premium,227.5,19.5,high,low,4,namecheap,,,24/09/2026 08:17
b49c930a-03ca-4ae4-861f-0593c94c0533,inning.vip,available,3.82,4.9,high,low,6,spaceship,,,30/09/2026 17:41
9518e331-0eb8-4fa8-9bf7-62bc54f8b381,foolishly.vip,available,4.98,10.98,medium,low,9,namecheap,,,14/09/2026 19:22
b6c9435d-6f82-4c7d-9416-10eff0015a28,colleges.vip,premium,181.33,15.73,medium,low,8,spaceship,,,29/09/2026 05:34
0cb94e93-231e-4129-87fa-edab9c12ebb7,raucous.vip,premium,116,17.7,high,medium,7,namesilo,,,09/09/2026 10:38
20fc5798-76a2-4fed-9d36-d6a80d5e6986,brownian.vip,available,4.99,19.49,medium,low,8,namesilo,,,01/10/2026 23:12
607c0f1f-9244-4d63-b36f-652f21b4b326,yonkers.vip,premium,500.5,,medium,low,7,unstoppable,,,02/10/2026 19:44
c881d662-cae0-40ac-8729-523c8af6609f,diplomacy.vip,premium,181.33,15.73,high,low,9,spaceship,,,29/09/2026 15:04
7115d9df-c1be-4bc4-9b73-7560846cbbfa,aeolia.vip,available,4.98,10.98,low,low,6,namecheap,,,17/09/2026 12:34
a9a23fb5-15e0-4c93-b605-4af07d95c7ae,clam.vip,premium,218.75,,high,low,4,name.com,,,29/09/2026 09:46
a495f32d-ef01-4653-ad19-f231e6f83686,cochlear.vip,premium,218.75,24.99,medium,low,8,name.com,,,12/08/2026 14:45
284d1d3f-d390-4bb5-8b13-d7cd76fe20b9,designedly.vip,available,4.98,10.98,medium,low,10,namecheap,,,13/09/2026 17:33
adaa646e-22e1-491e-b4cf-2df819d5a908,gypsy.vip,premium,937.5,24.99,high,low,5,name.com,,,10/08/2026 17:21
9bbba7e0-d5f4-4a98-82d7-79e317b8fbee,beloit.vip,available,4.99,19.49,medium,low,6,namesilo,,,29/09/2026 22:33
d925648c-39b4-435f-9b85-8d80e555fe4b,lowly.vip,premium,218.75,24.99,medium,low,5,name.com,,,08/08/2026 21:38
077f2bbb-141e-4a82-bf59-6cdd1e8f3243,starters.vip,premium,175.5,,medium,low,8,unstoppable,,,29/09/2026 05:59
c912231f-379e-4788-a95c-4dbbb2520668,momently.vip,available,4.98,10.98,medium,low,8,namecheap,,,15/09/2026 15:21
e7986fef-ca33-40d1-9ebb-c4e3d46d8dff,rashes.vip,available,4.99,19.49,low,low,6,namesilo,,,19/09/2026 21:50
631676e4-6b59-404e-8f02-2c434d3d897d,perugia.vip,premium,100.5,,medium,low,7,unstoppable,,,29/09/2026 21:46
7913de54-d717-4175-8457-4dea87d38f44,unarmed.vip,premium,224,17.7,medium,low,7,namesilo,,,12/09/2026 01:00
cd635274-71e7-4318-8550-9551f099378c,mpeg.vip,premium,,,high,low,4,,,,03/10/2026 01:39
6db4ae02-94e9-4aeb-88c3-a9e0e93cade1,arp.vip,premium,6500,19.5,high,low,3,namecheap,,,20/09/2026 08:35
c57db739-9982-4751-9778-636828711e5b,violins.vip,premium,,,medium,low,7,,,,02/10/2026 13:24
f6955aa5-5e66-48f1-a675-d9ac7cd2d2ac,guards.vip,available,4.99,19.49,high,low,6,namesilo,,,
88356848-86b5-4988-a703-dd528d983a7a,advocacy.vip,premium,1107,17.7,high,low,8,namesilo,,,17/09/2026 11:40
fd9ebe8e-5daa-42f8-8ad5-f9f2731b283f,biddable.vip,available,4.98,10.98,medium,low,8,namecheap,,,
bca54e8f-1c04-494a-86f6-773ea8f1dd6e,berries.vip,premium,1107,17.7,medium,low,7,namesilo,,,19/09/2026 15:37
3b93835f-fedc-4a42-a9de-7d11dc2fca98,bistre.vip,available,4.99,19.49,medium,low,6,namesilo,,,23/09/2026 22:12
00f9cf43-355e-44aa-b4f1-463b7d203115,rios.vip,premium,6900,17.7,high,low,4,namesilo,,,30/09/2026 04:44
8158a02a-091f-4277-885e-3582d8f39ee8,furthermore.vip,premium,224,17.7,high,low,11,namesilo,,,17/09/2026 08:41
351eed67-0134-4d87-b64a-fdab4f461f7e,produces.vip,premium,960,17.7,medium,low,8,namesilo,,,17/09/2026 14:14
209e3ed8-af0b-4b15-aea7-004913d829e1,dabbler.vip,premium,218.75,24.99,medium,low,7,name.com,,,14/08/2026 07:42
d6a6ec63-3213-4c28-81ae-222da38b00e8,resource.vip,resell,,,high,low,8,,,,28/09/2026 20:20
2fe6be87-e0d7-4d34-8263-207139e790e0,dough.vip,premium,312.5,,high,low,5,name.com,,,
d8b0172b-6606-4b0a-b252-f6eb25f95dc9,achaean.vip,available,4.98,10.98,medium,low,7,namecheap,,,
e62390a8-7651-452b-8bce-85cb38bfb20e,securing.vip,premium,937.5,,medium,low,8,name.com,,,
2764f499-d3a9-4007-960c-91661f86471f,autogenous.vip,available,4.98,10.98,medium,low,10,namecheap,,,07/08/2026 20:16
e6a6e1d7-c9e9-492c-856e-20ec7c7ef7b7,halab.vip,available,4.99,19.49,medium,low,5,namesilo,,,18/09/2026 05:12
3b79054d-12d4-429c-97cf-995d7412ed3c,retraction.vip,premium,218.75,24.99,medium,low,10,name.com,,,16/09/2026 15:59
f2be9e5a-1b63-4347-bc3b-e6062b425560,creditors.vip,premium,224,17.7,medium,low,9,namesilo,,,20/09/2026 15:31
bbb1715c-35f5-49a8-ab71-2f03ba4bfdaf,clubable.vip,available,4.98,10.98,medium,low,8,namecheap,,,12/08/2026 12:57
9bb30b6e-0d32-4826-ab85-cd2c6383678c,dispensary.vip,premium,224,17.7,high,low,10,namesilo,,,24/09/2026 22:58
eb70e411-bc22-4c9a-811b-3455d2713a2a,academically.vip,premium,,,medium,low,12,,,,03/10/2026 02:36
f819f72f-7f97-411a-bd88-42b7e2cf1eba,clock.vip,premium,3250,19.5,high,low,5,namecheap,,,29/09/2026 10:09
4fd731f0-b0c6-426d-852e-8357f4b0f2cb,silvern.vip,available,4.98,10.98,high,medium,7,namecheap,,,10/09/2026 08:13
3769e00a-51f9-4c8b-8b43-5be603bfe996,shapeless.vip,premium,218.75,24.99,medium,low,9,name.com,,,
935de431-c134-4834-885a-c43f3277e831,pessimistic.vip,available,4.98,10.98,medium,low,11,namecheap,,,02/10/2026 17:42
a3ec8d7d-8acf-4623-bee3-dc3b2133baf3,blackish.vip,premium,53.92,17.7,medium,low,8,namesilo,,,10/08/2026 12:03
a7af69d2-4a24-47df-8040-33ffc17257e1,creditable.vip,premium,218.75,24.99,high,low,10,name.com,,,13/08/2026 05:54
913a9b56-c72d-445f-ae31-5720afc2847a,xix.vip,premium,6500,19.5,high,low,3,namecheap,,,21/09/2026 12:08
798eb29f-a203-48b2-b6fa-c52c07576fa4,angelic.vip,premium,640,17.7,high,low,7,namesilo,,,22/09/2026 04:25
cf489407-1d60-4142-9ac5-5dcea901b9ad,pinkish.vip,premium,227.5,19.5,high,medium,7,namecheap,,,08/09/2026 19:46
04b6d421-b2dd-4465-8034-8b0ff8c07075,aimed.vip,premium,776.45,15.73,high,low,5,spaceship,,,29/09/2026 10:43
b142e7e1-cb5b-4fdd-807c-5318e0df0f08,junoesque.vip,available,4.98,10.98,medium,low,9,namecheap,,,22/08/2026 14:31
2287439d-179d-4d80-8d4b-03651a6b53cc,involve.vip,premium,1107,17.7,high,low,7,namesilo,,,30/09/2026 05:28
a92c891d-fdec-4757-a6ee-f73f1d709df3,roasting.vip,premium,,,high,low,8,,,,01/10/2026 21:33
66d8a3b2-db96-47eb-9d81-0fc7effefa94,resistant.vip,premium,218.75,24.99,high,low,9,name.com,,,09/09/2026 15:18
31812d02-8d37-4cf7-af06-4225cf7ba481,minerals.vip,premium,227.5,19.5,high,low,8,namecheap,,,30/09/2026 06:24
1b9583f1-0722-4650-8435-a85ffaa60b71,surviving.vip,premium,224,17.7,high,low,9,namesilo,,,11/09/2026 04:49
08ac385c-2be3-40dd-b77f-790bea3ab75a,orpin.vip,available,4.98,10.98,medium,low,5,namecheap,,,24/08/2026 08:00
2dee8ce3-62c9-4e64-86c7-55e05bbcf8ab,perform.vip,premium,1107,17.7,high,low,7,namesilo,,,30/09/2026 21:20
8a068c40-915f-424b-a598-7724b58a0bdc,carp.vip,premium,192.5,5.03,medium,low,4,dynadot,,,01/10/2026 18:55
9d37b077-9a71-467e-b56a-2b713eb55d8e,bessie.vip,premium,,,medium,low,6,,,,28/09/2026 03:55
3a39f467-7c4b-47d0-98dd-7f61ae59e4ff,regnant.vip,available,4.98,10.98,high,medium,7,namecheap,,,09/09/2026 12:56
56ea1be6-e011-46a7-b82b-66af94fb8840,emerged.vip,premium,175.5,,low,low,7,unstoppable,,,29/09/2026 16:31
9a8b83cd-53c0-43ba-bf18-bd8eedc4ce61,unprovable.vip,available,4.98,10.98,medium,low,10,namecheap,,,12/09/2026 17:29
a2fadec3-c1ee-47ca-b195-c72b62e7f2b9,unstaged.vip,premium,227.5,19.5,medium,low,8,namecheap,,,12/09/2026 20:29
a10e59fe-26d6-4b2a-8ec8-66024b509d72,confirms.vip,premium,,,low,low,8,,,,29/09/2026 05:49
3244affc-d616-42ef-8bb0-67e20846885a,elmer.vip,premium,175.5,,medium,low,5,unstoppable,,,29/09/2026 03:21
d2117ae6-c822-43cf-8649-95f9a7748893,snapped.vip,premium,224,17.7,medium,low,7,namesilo,,,18/09/2026 06:52
5640df29-5d67-4bf8-9373-be23b04a0348,crossword.vip,premium,227.5,19.5,high,low,9,namecheap,,,24/09/2026 19:41
58b3d04d-915e-4fe2-b799-d4c92d41b289,miscellany.vip,available,4.98,10.98,medium,low,10,namecheap,,,25/08/2026 08:20
10461a98-5d89-48d4-bab3-185e3b462748,amblyopia.vip,available,4.99,19.49,medium,low,9,namesilo,,,18/09/2026 17:11
3d628d2f-9d87-4916-8132-7b54131551a9,bluebottle.vip,premium,224,17.7,medium,low,10,namesilo,,,21/09/2026 14:09
3273a1d0-1ea2-4207-80b3-ea33c70a61af,amos.vip,premium,224,17.7,high,low,4,namesilo,,,18/09/2026 22:51
ed9f3206-5b52-49d4-9195-6304e52b9230,flagging.vip,available,4.98,10.98,medium,low,8,namecheap,,,14/08/2026 19:41
a275adb5-c96c-49f0-ad57-e78ccaa83527,olsen.vip,premium,3450,17.7,high,low,5,namesilo,,,25/09/2026 12:35
0c3e51bb-7fb3-42b9-835b-0393cf338ade,stuffing.vip,premium,181.33,15.73,high,low,8,spaceship,,,29/09/2026 14:01
e2f581ee-ef5d-4489-9f16-f389e81b7091,bifocal.vip,premium,218.75,24.99,medium,low,7,name.com,,,09/08/2026 20:03
4651f1ce-9e17-4865-93ba-a5980309a2dd,dramatically.vip,premium,224,17.7,medium,low,12,namesilo,,,29/09/2026 14:45
2da6fbf1-8fb4-418b-bdf4-ba1f2267137c,prehistoric.vip,premium,175.5,,medium,low,11,unstoppable,,,29/09/2026 03:08
745e2cad-d055-43b1-bee3-df1a3e15ba5d,manufacture.vip,premium,,,high,low,11,,,,28/09/2026 21:00
62c6cc2f-1dfe-4411-b40a-ff8ecbe27676,crabby.vip,available,4.98,10.98,medium,low,6,namecheap,,,08/08/2026 07:43
c13bed67-4ed6-40be-ae58-cec5a6259fc2,steady.vip,premium,1300,19.5,high,low,6,namecheap,,,24/09/2026 18:34
0e3b56c3-9e35-4303-bf5d-a3a6fd2f78f0,gluttonous.vip,premium,218.75,24.99,medium,low,10,name.com,,,20/08/2026 15:32
06ac35aa-7312-46ef-a14b-a70ad0195b80,modernized.vip,available,4.99,19.49,high,low,10,namesilo,,,19/09/2026 17:17
1b98a4c9-d1c8-4fc7-8568-4d849f6c5069,aneroid.vip,available,4.98,10.98,medium,low,7,namecheap,,,
745bc0b9-611a-4d53-ad0d-59a052ba9d9e,physic.vip,available,4.99,19.49,high,low,6,namesilo,,,02/10/2026 10:47
1cf9e6d5-2449-4984-9c6d-d790abe0c0b0,bioassay.vip,available,4.99,19.49,medium,low,8,namesilo,,,23/09/2026 17:38
e717070a-1b90-4ddc-bf22-a5716b71d431,embassador.vip,premium,227.5,19.5,medium,low,10,namecheap,,,18/09/2026 16:29
8b468367-725b-4adf-be92-81bf89ea53bf,pun.vip,resell,,,high,low,3,,,,30/09/2026 02:27
3e67b363-aafe-4ce3-84df-c26e6f080479,humbug.vip,available,4.99,19.49,medium,low,6,namesilo,,,21/09/2026 23:48
6eeebbc4-bf0d-453a-82ca-a0947546387f,abadan.vip,available,4.99,19.49,medium,low,6,namesilo,,,16/09/2026 13:48
0b427e3e-440d-4951-bb62-d47906328fb1,pacifier.vip,premium,224,17.7,high,low,8,namesilo,,,21/09/2026 13:07
b3bc2b89-e9cc-45db-ac36-b2187188fee4,squatty.vip,available,4.98,10.98,medium,low,7,namecheap,,,24/08/2026 10:38
b6b41b88-8978-4a62-b698-2b580d300148,packer.vip,available,4.99,19.49,high,low,6,namesilo,,,21/09/2026 15:45
7bde6968-7f28-433c-a6cc-d7c66c91247a,aura.vip,premium,6250,24.99,high,medium,4,name.com,,,21/09/2026 04:15
509608ad-5947-4857-b744-cb49250df83a,oclc.vip,available,20.5,,medium,low,4,unstoppable,,,01/10/2026 11:21
d9ed10ad-0c6e-4964-8eeb-ea3b4ebd4d99,tendered.vip,available,4.99,19.49,medium,low,8,namesilo,,,20/09/2026 16:36
4da27053-5180-45ac-8731-e6a4bdd41c2c,rebuilt.vip,premium,175.5,,high,low,7,unstoppable,,,29/09/2026 16:05
10b06b2a-a25d-4da1-8ca6-5187052da81d,credentials.vip,premium,224,17.7,high,low,11,namesilo,,,28/09/2026 08:17
748df723-bf76-4f32-ad98-e93c7382a67c,alleged.vip,premium,227.5,19.5,high,low,7,namecheap,,,22/09/2026 01:19
ad11c727-fc17-4621-9e00-8535b7384579,initiator.vip,premium,224,17.7,high,low,9,namesilo,,,29/09/2026 13:07
aa36c2c2-aa6d-49dc-b2ca-80745f8b331c,disappears.vip,premium,181.33,15.73,low,low,10,spaceship,,,28/09/2026 13:25
b05d23ae-ff6f-4e03-b02f-ffaa5ea254ad,hater.vip,premium,218.75,,medium,low,5,name.com,,,29/09/2026 22:19
fcc7b059-86d9-4c17-9dd2-4afd7a69ac19,capsular.vip,available,4.98,10.98,medium,low,8,namecheap,,,08/09/2026 04:10
8f6fb485-6667-437f-a971-39a111d34f5d,whipple.vip,premium,,,medium,low,7,,,,28/09/2026 16:10
d43de4e6-9cef-4fc2-9cfd-d63dae6eea4a,nord.vip,resell,,,high,low,4,,,,27/09/2026 18:56
3bcef295-f807-45a0-b5f4-21d09b744de0,booked.vip,available,4.99,19.49,high,low,6,namesilo,,,24/09/2026 08:28
2abe73fb-2f0c-4adf-b84d-24798e219bd1,oneiric.vip,premium,224,17.7,medium,low,7,namesilo,,,04/09/2026 15:12
8742ffb2-a80a-49a5-aaed-b36971b780e7,grades.vip,premium,116,17.7,high,low,6,namesilo,,,27/09/2026 11:23
66560325-eb7d-410b-be26-6d17105591ae,taxpaying.vip,available,4.98,10.98,medium,low,9,namecheap,,,11/09/2026 09:32
251b1c2d-1c65-4ca8-8819-430fe9f54c42,wasteful.vip,premium,224,17.7,medium,low,8,namesilo,,,12/09/2026 08:47
b0cf00d9-861a-437c-bc84-d5bf75920976,aquarius.vip,premium,224,17.7,high,low,8,namesilo,,,19/09/2026 23:03
244d212d-b6af-43a7-ae9b-69cbdc48fe76,umpteen.vip,available,4.98,10.98,low,low,7,namecheap,,,11/09/2026 23:06
3dedb636-46b6-41f0-a0b1-6903b5fb120e,sleeping.vip,premium,517.7,15.73,high,low,8,spaceship,,,27/09/2026 22:26
94b78b83-5b71-401f-abf7-3980d2d4fbfa,hag.vip,premium,6500,19.5,high,low,3,namecheap,,,23/09/2026 04:44
efd2d180-0e9a-4de8-b1b4-c338da913c27,lowry.vip,premium,175.5,,medium,low,5,unstoppable,,,01/10/2026 01:28
24686f0a-fea5-4143-b5aa-110050cc7a56,tendencies.vip,premium,181.33,15.73,medium,low,10,spaceship,,,29/09/2026 17:02
b2541ab0-c737-40c9-b77d-63166e4425af,informant.vip,premium,,,medium,low,9,,,,28/09/2026 14:31
5e54e509-7bc2-4393-9cf5-5fb0e5595f4c,catharsis.vip,premium,224,17.7,high,low,9,namesilo,,,16/09/2026 17:03
8a56f686-35e6-428a-9252-ea4db7853488,condiment.vip,premium,192.5,5.03,high,low,9,dynadot,,,29/09/2026 10:37
232c7667-7e1d-482d-853c-d646c1b7097d,entrancing.vip,available,4.98,10.98,medium,low,10,namecheap,,,09/08/2026 18:23
96424304-4481-4fab-96ee-1962c5c34dae,nullify.vip,premium,224,17.7,high,low,7,namesilo,,,13/09/2026 06:46
96b48a25-c7fc-4926-871e-7204bf016874,vectors.vip,premium,175.5,,medium,low,7,unstoppable,,,01/10/2026 00:02
c2776993-8d73-42e7-9ef8-6a47c95dcd22,unknown.vip,premium,960,17.7,high,low,7,namesilo,,,03/09/2026 12:55
5e36fc7e-0741-40bf-baac-a0094976afd8,maxilla.vip,premium,218.75,24.99,medium,low,7,name.com,,,24/08/2026 17:52
7b59fddb-6e62-4334-a925-9bf66ec5309a,poking.vip,available,4.99,19.49,high,low,6,namesilo,,,30/09/2026 10:17
6378ae02-9e80-46c8-9b39-aa57bf9e5925,incomparable.vip,premium,181.33,15.73,high,low,12,spaceship,,,02/10/2026 07:20
c723cadd-95f8-45b1-bda0-f803829837e5,enquirer.vip,premium,224,17.7,high,low,8,namesilo,,,20/09/2026 14:24
ee6a6c42-1f15-4e2c-84c4-b943f1614ea5,atreus.vip,available,4.98,10.98,medium,low,6,namecheap,,,21/09/2026 00:43
40524b05-df61-4bb0-a05e-62a69add88a5,none.vip,premium,6900,17.7,high,low,4,namesilo,,,25/09/2026 23:02
030c3a6f-3b06-4c10-adcf-728a467f1a49,bareback.vip,premium,218.75,24.99,medium,low,8,name.com,,,08/08/2026 18:38
a045f9f9-2be8-4ca5-a185-97fec782ffd6,uma.vip,premium,5000.5,,high,low,3,unstoppable,,,29/09/2026 12:33
ec5ea619-7a65-4f78-b761-68a5c1943753,noc.vip,premium,5458.82,16.9,high,low,3,porkbun,,,01/10/2026 03:06
a9864d43-e6ac-454d-8d3f-6ee9a80455d3,organized.vip,premium,1300,19.5,high,low,9,namecheap,,,03/10/2026 00:27
f54ce144-7bbf-47d1-ad90-4eeefbc7663b,queasy.vip,available,4.98,10.98,medium,low,6,namecheap,,,24/08/2026 08:26
6b3da608-1c3f-403e-861d-7fae7aa4ac38,sleeveless.vip,available,4.98,10.98,medium,low,10,namecheap,,,10/08/2026 19:41
e9a695fe-f9f4-41e5-bfa2-2630b0395604,leed.vip,premium,181.33,15.73,high,low,4,spaceship,,,30/09/2026 20:18
fded816a-c10a-4a22-b7a5-91cc3847213e,balloons.vip,premium,175.5,,medium,low,8,unstoppable,,,28/09/2026 18:12
dd7f6b88-f820-4148-a44c-0c531c43ef28,embracing.vip,premium,175.5,,high,low,9,unstoppable,,,29/09/2026 18:00
5f307946-8ec1-4a01-9175-9dc03fe02324,claimant.vip,premium,224,17.7,high,low,8,namesilo,,,24/09/2026 15:11
616ce19c-1f47-40f0-b3b7-b2dadae0109b,running.vip,premium,1250,,high,low,7,name.com,,,27/09/2026 17:05
13f8191d-6814-4772-a987-4f4d1db37220,kingsbury.vip,premium,,,high,low,9,,,,29/09/2026 22:52
d5e5b38a-ab3c-4580-a62d-e77555628e7f,interviewed.vip,premium,181.33,15.73,low,low,11,spaceship,,,28/09/2026 18:11
e5e385d3-fe83-4ad9-b711-523fe795d048,mcclain.vip,premium,103.7,15.73,medium,low,7,spaceship,,,30/09/2026 05:35
f00cf4f6-572f-46d6-876b-a8ad473243da,druggist.vip,premium,227.5,19.5,high,low,8,namecheap,,,19/09/2026 19:38
fed1b26d-0309-47df-b792-65e60eedfc09,overdue.vip,premium,116,17.7,medium,low,7,namesilo,,,26/09/2026 03:28
1a942bb4-6623-4aac-9f5f-646846bd1090,clipboard.vip,premium,224,17.7,high,low,9,namesilo,,,24/09/2026 15:44
fc32abb9-3fab-4237-8410-9d36b7a6f3ea,pha.vip,premium,6500,19.5,medium,low,3,namecheap,,,29/09/2026 21:39
02eaf5f2-6e08-4a6b-b680-86eb0b27dd3c,bite.vip,premium,6500,19.5,high,low,4,namecheap,,,08/09/2026 13:01
2f99a03a-a2fd-42c8-9552-98038529f055,homegrown.vip,premium,218.75,24.99,high,low,9,name.com,,,21/08/2026 10:59
d6bf6484-ea7d-4de5-b541-33f18038e43e,ozone.vip,premium,1035.2,15.73,high,low,5,spaceship,,,29/09/2026 07:48
fcf3cc4b-adc3-48d5-89b7-92fedc6c94eb,gag.vip,premium,6250,,high,low,3,name.com,,,29/09/2026 20:25
7ebe87ed-c1cc-467a-8d8d-7e7092b9c052,correspondent.vip,available,4.99,19.49,medium,low,13,namesilo,,,29/09/2026 03:16
fca6cdb7-63d5-4a85-a704-412dd181372d,nodular.vip,available,4.98,10.98,medium,low,7,namecheap,,,03/09/2026 18:06
253c8d66-160f-4bd0-9387-ee8b4c4fe27c,tunguska.vip,available,4.99,19.49,medium,low,8,namesilo,,,19/09/2026 05:45
27c14329-ae71-41e8-82ce-eedc448b0559,planetal.vip,available,4.98,10.98,medium,low,8,namecheap,,,08/09/2026 20:42
14e6819c-d00a-422b-b033-82d94bedc21c,fresnel.vip,premium,227.5,19.5,high,low,7,namecheap,,,21/09/2026 04:00
ba5a6f42-dd68-4785-8223-70a82d97268c,lithuanian.vip,premium,53.92,17.7,high,low,10,namesilo,,,24/08/2026 07:30
18bb9826-8c0e-4b5b-b5b6-7692350d4831,cowper.vip,available,3.82,4.9,high,low,6,spaceship,,,29/09/2026 11:59
1da6cc96-f3fd-462e-a79c-df2b465337a6,moated.vip,available,4.98,10.98,medium,low,6,namecheap,,,25/08/2026 02:14
cf1011f4-9baa-4820-9f18-b271c015a4ee,antivenin.vip,available,4.99,19.49,medium,low,9,namesilo,,,19/09/2026 15:16
72db443d-feb9-4d75-994a-338b18854058,stressful.vip,premium,224,17.7,medium,low,9,namesilo,,,03/09/2026 15:42
68ac0a2e-15cb-4043-aab4-3079282173bc,riverview.vip,premium,65,19.5,medium,low,9,namecheap,,,02/10/2026 10:58
fad49a0b-fc3a-49ce-b8cc-6af3d288fe01,alembic.vip,premium,224,17.7,medium,low,7,namesilo,,,18/09/2026 05:10
dcd5c544-99f3-4195-96a7-a714dedcde08,turgid.vip,available,4.98,10.98,medium,low,6,namecheap,,,10/08/2026 18:07
25c5df4b-8b63-44d6-8db4-4c53e3a1629a,emmanuel.vip,resell,,,medium,low,8,,,,27/09/2026 03:07
f0399bd1-b636-4216-8fd9-f119f34d612a,latvian.vip,premium,53.92,17.7,medium,low,7,namesilo,,,22/08/2026 20:47
2dba40e4-f0fc-4a42-b88f-0344d3d8d031,aires.vip,premium,224,17.7,medium,low,5,namesilo,,,25/09/2026 21:54
bf9d196e-dd5e-4d57-8a17-d484537d86c4,forensics.vip,premium,224,17.7,high,low,9,namesilo,,,30/09/2026 09:42
449f23b2-15e1-4952-99a1-cf7f7a588b36,vent.vip,premium,110,5.03,high,low,4,dynadot,,,30/09/2026 14:25
62f37cc3-061f-4b64-a1d3-3d425ac91cfd,squeezing.vip,premium,224,17.7,high,low,9,namesilo,,,30/09/2026 18:49
4acbb0b6-85fa-476d-a088-27238eebafaf,laconia.vip,premium,175.5,,medium,low,7,unstoppable,,,02/10/2026 05:33
3125b031-8cab-4bcf-85e1-75fe741203bb,xeric.vip,premium,218.75,24.99,medium,low,5,name.com,,,13/09/2026 14:07
34b31816-a8be-4f9d-b6bd-a772bf9d4ef2,jury.vip,premium,6900,17.7,high,low,4,namesilo,,,25/09/2026 08:06
1d5512fa-e3bf-4e07-8395-4b955b773d4d,erotism.vip,available,4.99,19.49,medium,low,7,namesilo,,,18/09/2026 16:15
ae7fd4f7-988e-42f4-8521-12322ccd1452,deface.vip,available,4.99,19.49,medium,low,6,namesilo,,,24/09/2026 05:35
861c71fe-a1e9-4ee2-b95a-c8505f7b710c,ernesto.vip,premium,181.33,15.73,medium,low,7,spaceship,,,28/09/2026 07:52
c4d023fa-40db-4ccd-b1ef-ddbd93c6dc3c,usance.vip,available,4.98,10.98,medium,low,6,namecheap,,,13/08/2026 12:25
58a89563-b284-4dcc-9384-6f16df84fbad,owensboro.vip,premium,191.57,16.9,medium,low,9,porkbun,,,03/10/2026 01:45
9d804061-7dcc-4282-aac6-809976501c74,assert.vip,available,4.49,5.03,high,low,6,dynadot,,,29/09/2026 14:01
f0af831f-1627-4edf-a474-6d47e077228c,pastorale.vip,available,4.98,10.98,medium,low,9,namecheap,,,08/09/2026 10:10
7168b821-e0de-4a11-aad7-701965ea5cc9,anointing.vip,available,4.98,10.98,medium,low,9,namecheap,,,19/09/2026 11:19
6cbe7aba-dd49-43cf-895a-db8349101e14,domingo.vip,premium,1107,17.7,high,low,7,namesilo,,,25/09/2026 04:55
9d45b804-b070-4ed5-a6b7-2dfd1978fa4a,baltic.vip,available,4.98,10.98,high,low,6,namecheap,,,08/08/2026 10:41
81744019-5517-47d1-b5ff-57e9169bf42a,analogous.vip,premium,218.75,24.99,medium,low,9,name.com,,,
623ad8d3-ba62-45e3-bd17-a89e40e2793e,hiatus.vip,available,4.99,19.49,high,low,6,namesilo,,,16/09/2026 14:09
5221810b-3277-49be-9b9a-0b59aa9d528c,disorders.vip,premium,224,17.7,medium,low,9,namesilo,,,20/09/2026 00:40
76099a41-82a6-4057-bf79-61a23ce1a882,distinctly.vip,premium,224,17.7,medium,low,10,namesilo,,,14/09/2026 13:19
f344bbe8-92ff-40db-93fa-c249874e3ad5,zarqa.vip,available,4.99,19.49,medium,low,5,namesilo,,,21/09/2026 10:58
6ee60971-b100-4aea-a151-a4aba1421fc6,vales.vip,premium,224,17.7,medium,low,5,namesilo,,,21/09/2026 02:12
a32a575e-aa40-458a-9e40-d1af59f4da0c,conventionally.vip,available,4.99,19.49,medium,low,14,namesilo,,,
bdd8543b-3d47-4f02-9975-5b87f380da9c,peiping.vip,available,4.99,19.49,medium,low,7,namesilo,,,23/09/2026 04:16
ca71c9d7-2ad9-46dd-8e94-8540b3b2aaa5,starboard.vip,premium,224,17.7,high,low,9,namesilo,,,10/09/2026 18:46
683a0946-14e0-4435-b6d7-3d847f5c10d0,survival.vip,resell,,,high,low,8,,,,27/09/2026 14:56
ca248ab3-c459-4b66-a600-eb5a8013fd04,bastards.vip,premium,181.33,15.73,medium,low,8,spaceship,,,29/09/2026 11:17
20ee7933-4f5c-4e11-acde-c314c617e5b2,second.vip,premium,1300,19.5,high,low,6,namecheap,,,21/09/2026 12:59
b6f35f70-71ce-49fb-b9b0-5374181b98f8,class.vip,resell,,,high,low,5,Alibaba Cloud Computing Ltd. d/b/a HiChina (www.net.cn),17/05/2016 16:04,17/05/2027 16:04,28/09/2026 14:22
ae1c57cc-b7ef-4094-8590-327ad96172f4,each.vip,premium,6900,17.7,high,low,4,namesilo,,,24/09/2026 12:45
e3bb99ad-0025-4840-bd7c-0bbc5127a7b6,supervising.vip,premium,181.33,15.73,medium,low,11,spaceship,,,01/10/2026 00:08
667ad5e7-d56c-41d7-a484-a7fbe82952bb,luz.vip,premium,5175.2,15.73,medium,low,3,spaceship,,,28/09/2026 21:47
8f74b3cc-1c90-4b1d-8489-5457776e35cc,catch.vip,premium,2500.5,,high,low,5,unstoppable,,,28/09/2026 22:15
7d12e3ea-c6cf-4baf-aa47-c513070626f6,churchly.vip,available,4.98,10.98,medium,low,8,namecheap,,,12/08/2026 07:48
a5f0ce33-d41a-4164-8b86-255497a50704,damascus.vip,premium,51.95,15.73,high,low,8,spaceship,,,29/09/2026 07:02
66959778-e394-4981-a5d9-1bc327e76402,potts.vip,premium,224,17.7,medium,low,5,namesilo,,,28/09/2026 04:13
aea80609-b74b-4acf-b97c-ac1752503167,puzzled.vip,premium,218.75,24.99,high,low,7,name.com,,,07/08/2026 10:53
76f48de8-f865-4b98-badf-a82c01833249,veracious.vip,available,4.98,10.98,medium,low,9,namecheap,,,13/09/2026 02:19
3bb1c943-42bc-4e2f-948b-dfa76bf300b4,iii.vip,premium,6250,24.99,high,low,3,name.com,,,
48f305c1-2d70-446c-aa36-9cdd10e5904c,influencing.vip,premium,224,17.7,high,low,11,namesilo,,,01/10/2026 22:55
2ecdb083-d466-4870-9954-26daa13e736f,axenic.vip,available,4.98,10.98,medium,low,6,namecheap,,,08/08/2026 01:51
f33ced44-283e-4a53-85e8-44f09d595fc6,vermilion.vip,premium,218.75,24.99,high,low,9,name.com,,,12/08/2026 05:45
ad722752-853a-4d14-819b-1fdea3ff3669,stripping.vip,premium,224,17.7,medium,low,9,namesilo,,,22/09/2026 05:59
91b2b2b8-7f0f-48ac-b0f2-85b5f26f571c,bases.vip,premium,3250,19.5,medium,low,5,namecheap,,,17/09/2026 21:42
ee352dc1-c74d-49df-880c-5f5e3c93eb2a,crucifixion.vip,available,3.82,4.9,medium,low,11,spaceship,,,01/10/2026 13:41
d180684a-8ed4-46a6-988a-a2a9f7f476cb,fugal.vip,premium,218.75,24.99,medium,low,5,name.com,,,18/08/2026 17:38
edf25787-47a9-4a3b-9b03-d9df514d3d36,thallus.vip,available,3.82,4.9,medium,low,7,spaceship,,,30/09/2026 18:57
577b9d0c-1916-4c80-be0c-361cfda7383e,sandfish.vip,available,4.99,19.49,medium,low,8,namesilo,,,22/09/2026 19:42
663aa8ab-41a3-4af8-a27d-bbb6466bc1ed,nohow.vip,premium,53.92,17.7,low,low,5,namesilo,,,15/09/2026 16:44
2dd4b0c4-0338-485f-b888-e7fffb1cbdd0,snails.vip,premium,224,17.7,medium,low,6,namesilo,,,29/09/2026 06:02
17f54b7c-3ee2-4a2e-b66e-0dd2b84d396f,constants.vip,premium,116,17.7,medium,low,9,namesilo,,,21/09/2026 01:13
7e1d39e3-c89c-4468-88bf-d84b89747f09,mohawk.vip,premium,181.33,15.73,high,low,6,spaceship,,,02/10/2026 05:47
b900c9df-6027-46f7-a2c4-59f5fdfb2303,appall.vip,available,24.99,24.99,medium,low,6,name.com,,,18/09/2026 01:55
48688e35-3096-44be-9b9a-1e9dd8871a30,sunless.vip,premium,218.75,24.99,medium,low,7,name.com,,,12/08/2026 12:31
0ec31a25-0350-48aa-820b-9c1866475e80,hydric.vip,available,4.98,10.98,medium,low,6,namecheap,,,21/08/2026 16:23
05b96852-95d4-4ef2-8c91-81ad35deebb6,aculea.vip,available,4.99,19.49,low,low,6,namesilo,,,17/09/2026 05:32
a0f084d2-d7de-4f1c-b937-628be10ad429,inhouse.vip,premium,218.75,,high,low,8,name.com,,,
fde74fad-9fd3-4fb3-a05d-d3ab245836ca,highland.vip,premium,218.75,24.99,high,low,8,name.com,,,21/08/2026 09:16
2a2f9a4f-33d1-4d97-ae08-48b8260f0961,albany.vip,premium,125,24.99,high,low,6,name.com,,,18/09/2026 02:27
fc84feeb-2d28-44f3-b550-9aacccda9d4d,reprieve.vip,available,4.99,19.49,high,low,8,namesilo,,,16/09/2026 14:08
e37a1448-5fcb-4666-9903-736363b47ab0,wriggly.vip,available,4.98,10.98,medium,low,7,namecheap,,,13/09/2026 13:43
e3883983-ce11-4915-b60f-8e1e2145b32e,mediocre.vip,premium,227.5,19.5,high,low,8,namecheap,,,25/09/2026 18:51
8bc81cc5-09b0-44de-8fbd-3cf1fd0f1df8,bowel.vip,premium,2587.7,15.73,medium,low,5,spaceship,,,29/09/2026 06:08
321813e0-cea1-4473-b948-ffa42de937bb,sulawesi.vip,available,4.99,19.49,medium,low,8,namesilo,,,30/09/2026 01:01
d086116b-eda0-40d0-a42a-7a67d4334299,berkelium.vip,available,4.99,19.49,medium,low,9,namesilo,,,21/09/2026 00:14
8e2e6af9-2738-4282-8ec4-887d6d1072ab,gives.vip,premium,6900,17.7,medium,low,5,namesilo,,,18/09/2026 13:54
81a2c6cf-c147-40b1-9303-eddea67620ad,coyote.vip,premium,1000.5,,high,low,6,unstoppable,,,28/09/2026 13:37
a7d39183-380d-4749-b597-b0dc5a482dce,emperor.vip,premium,1100,5.03,high,low,7,dynadot,,,28/09/2026 01:49
6125913c-b55d-41e1-8da9-7b4e0acf9333,sloth.vip,premium,750.5,,high,low,5,unstoppable,,,28/09/2026 17:33
1876287b-6b2e-4213-a385-447ad3c1082b,cache.vip,premium,,,high,low,5,,,,01/10/2026 01:15
55d2658f-acb1-4f11-a6f0-b956c891befa,mouthy.vip,available,10.98,,medium,low,6,namecheap,,,
9f35dcfd-9d31-4f1b-a7c7-52673612fd25,stacy.vip,premium,2587.7,15.73,high,low,5,spaceship,,,28/09/2026 07:44
a053d1b0-d624-423f-914d-7e4789616721,xanax.vip,premium,224,17.7,medium,low,5,namesilo,,,18/09/2026 14:09
657b6fe3-4afd-44e0-b988-5d664ee42079,buttery.vip,premium,227.5,19.5,medium,low,7,namecheap,,,19/09/2026 18:30
d62c7ac0-b1f1-480b-9bc9-3389cee114b3,dreams.vip,premium,1300,19.5,high,low,6,namecheap,,,25/09/2026 20:24
cb4dd6a1-3f8f-4fc1-ba5b-38ae75a9c213,balthasar.vip,available,4.99,19.49,high,low,9,namesilo,,,22/09/2026 00:15
472b728a-42c0-47c0-9a0a-8439daa83260,foetal.vip,available,4.98,10.98,medium,low,6,namecheap,,,18/08/2026 02:18
f490fada-06d4-468b-8b02-b976e9fee364,utterable.vip,available,4.98,10.98,high,medium,9,namecheap,,,10/09/2026 15:23
57fee3f3-0448-4542-8447-217c1e668523,keyhole.vip,premium,5000.5,,high,low,7,unstoppable,,,03/10/2026 01:24
4b4bf669-074b-4f61-b30a-42054144289e,oprah.vip,premium,224,17.7,high,medium,5,namesilo,,,29/09/2026 15:36
a2e1cc8a-e8c4-4a18-a4f4-385389ccfe59,sabotage.vip,premium,181.33,15.73,medium,low,8,spaceship,,,28/09/2026 13:47
de2a1bf2-c0e0-429e-b689-1d1101026bea,somnolent.vip,available,4.98,10.98,medium,low,9,namecheap,,,10/09/2026 11:38
04fd6801-bcb8-4e9f-a068-61f0ec8223d9,clarinet.vip,premium,273.44,16.9,high,low,8,porkbun,,,29/09/2026 11:55
fb2538b9-9901-48d7-80fd-6013ea371524,pid.vip,premium,5175.2,15.73,high,low,3,spaceship,,,02/10/2026 06:02
0bb23c38-cfde-4244-989e-7e76018ee5f0,surefooted.vip,premium,218.75,24.99,high,low,10,name.com,,,18/08/2026 10:50
be04de6f-2d69-426f-a78a-954d808e1054,mahon.vip,premium,227.5,19.5,medium,low,5,namecheap,,,28/09/2026 22:25
0830690f-a826-4677-95ad-5e0d244711b7,canterbury.vip,premium,,,high,low,10,,,,29/09/2026 18:10
014d02f1-ed63-4c5a-b30c-fd29b53e7014,necessary.vip,premium,1250,24.99,high,low,9,name.com,,,24/09/2026 15:21
3e118577-a927-499b-93e0-7b7c2b031f6d,oyster.vip,premium,116,17.7,high,low,6,namesilo,,,29/09/2026 23:18
94e487d4-a54e-43b0-b8e2-4cf45eb30b3e,crumpled.vip,premium,218.75,24.99,medium,low,8,name.com,,,13/08/2026 09:06
54abbac8-c286-4ce8-9484-d20c7263c808,jpeg.vip,premium,224,17.7,high,low,4,namesilo,,,01/10/2026 22:27
6af713d7-d356-4d61-81e2-a0aa32dc8edc,racket.vip,premium,116,17.7,medium,low,6,namesilo,,,28/09/2026 14:13
81683667-bd18-4ade-98b0-5c0e3d4424fd,martinsville.vip,premium,181.33,15.73,medium,low,12,spaceship,,,30/09/2026 05:38
28dda9cd-25f1-405f-b1d8-39356fa2e8d1,lynn.vip,premium,6900,17.7,high,low,4,namesilo,,,27/09/2026 07:20
ae9eb9f8-4dc8-45ea-8b1b-bef113338e1b,slept.vip,premium,937.5,,medium,low,5,name.com,,,
7850416c-75dc-4e9c-9084-794c95af8015,differing.vip,premium,191.57,16.9,high,low,9,porkbun,,,02/10/2026 18:04
b54cf3e2-4d3f-4006-95ea-4e423717c794,composer.vip,premium,224,17.7,high,low,8,namesilo,,,24/09/2026 16:53
d2f5dcd4-6cd5-4fc6-a753-a63087c0b74b,sunbeam.vip,premium,258.95,15.73,high,low,7,spaceship,,,30/09/2026 12:18
e1fef040-367c-4bd8-94a7-f4379a30407d,mediate.vip,premium,937.5,24.99,high,low,7,name.com,,,21/08/2026 23:37
3cab71c9-ef95-4a44-84bc-88131d2ae371,unrivalled.vip,available,4.98,10.98,high,low,10,namecheap,,,24/08/2026 17:08
62df0573-2217-4035-90d1-1e5f7a65c3c7,valuables.vip,premium,181.33,15.73,high,low,9,spaceship,,,30/09/2026 23:28
de18624b-b9ea-40ca-ac58-dbc1c1e40cd8,arachnid.vip,premium,224,17.7,medium,low,8,namesilo,,,19/09/2026 23:40
041d3ce3-e120-4244-a69f-24a8623c5af7,pukka.vip,premium,218.75,24.99,medium,low,5,name.com,,,09/09/2026 05:24
0ae11652-c30e-4c77-86c8-d7d777d86669,dovish.vip,available,4.98,10.98,medium,low,6,namecheap,,,14/08/2026 17:07
9bf50327-4d47-4fbb-88d3-366aafc4c293,shutters.vip,premium,181.33,15.73,medium,low,8,spaceship,,,02/10/2026 03:37
a6b7bb19-fc06-4eaa-9f2c-644473a3eac9,distaff.vip,available,4.98,10.98,medium,low,7,namecheap,,,14/08/2026 13:01
89593eda-3e2b-4651-9df6-7191d7ff71ec,plotting.vip,premium,224,17.7,medium,low,8,namesilo,,,29/09/2026 05:11
6585b3fe-5df5-4a05-8aaf-8c944d65be34,carnival.vip,premium,224,17.7,high,low,8,namesilo,,,24/09/2026 16:10
75b52874-fc15-4123-90ef-e8f6cae088fa,diatonic.vip,premium,224,17.7,medium,low,8,namesilo,,,14/08/2026 06:21
f1122f68-9679-46a9-8305-7cf0bd35afdf,albacore.vip,premium,224,17.7,high,low,8,namesilo,,,18/09/2026 02:20
4668edb7-0569-412f-a37a-3b4d1d507461,heat.vip,premium,5175.2,15.73,high,low,4,spaceship,,,29/09/2026 18:19
fffb1eab-4ab4-4fbc-80ec-ccbb81304080,distressed.vip,premium,218.75,24.99,medium,low,10,name.com,,,14/08/2026 12:16
f88f9396-b529-4e49-a282-f944a14811b3,idealistic.vip,premium,218.75,24.99,high,low,10,name.com,,,17/08/2026 15:48
20363df2-abfc-4cc3-85f7-b4ca8727f945,odorless.vip,available,4.98,10.98,medium,low,8,namecheap,,,22/08/2026 06:02
3849170f-e3eb-4d95-a5ca-bc37aa91099d,debonaire.vip,available,4.98,10.98,high,low,9,namecheap,,,12/08/2026 05:59
0d1f66a0-4044-4cdc-a035-bf6f575ff2a5,barred.vip,available,4.98,10.98,medium,low,6,namecheap,,,08/08/2026 20:37
5a175b24-d536-42fa-8b4a-b249e506edb6,evacuate.vip,premium,181.33,15.73,high,low,8,spaceship,,,30/09/2026 19:16
874320b1-b8f0-4f8d-b9da-5e4ba4ac5a1f,euros.vip,premium,,,medium,low,5,,,,03/10/2026 04:58
9df74e02-87ec-4b71-a3f6-b4c473bdddef,nettlesome.vip,available,4.98,10.98,medium,low,10,namecheap,,,
dd54915d-aa94-4fc6-a3bc-02ad105425a8,diner.vip,premium,1035.2,15.73,high,low,5,spaceship,,,29/09/2026 05:07
18030793-c969-440e-a020-53ed8ff20fb9,peckish.vip,premium,218.75,24.99,medium,low,7,name.com,,,22/08/2026 10:23
c0da0153-9bc5-4d87-b33c-de15df8b30e3,casserole.vip,premium,224,17.7,high,low,9,namesilo,,,24/09/2026 13:04
3fc4d44c-c169-4f9f-aa53-34d05293393c,kavanagh.vip,premium,130,19.5,medium,low,8,namecheap,,,30/09/2026 22:02
8a225cb6-8053-4711-88b0-b255aa904264,fran.vip,premium,5175.2,15.73,high,low,4,spaceship,,,02/10/2026 09:34
c7c29bb4-980f-4b1c-af13-6dc50d86e03c,gorki.vip,available,4.98,10.98,medium,low,5,namecheap,,,18/09/2026 05:08
42e8c886-743b-4cdc-8f83-804b9e2a4f52,singular.vip,premium,1107,17.7,high,low,8,namesilo,,,13/08/2026 11:18
f4d56208-8344-42d9-a49d-802c5e38c1e8,petrous.vip,available,4.98,10.98,medium,low,7,namecheap,,,08/09/2026 18:24
fdb1cb80-05cb-4525-a124-d5022a976b5d,tight.vip,premium,3125,24.99,medium,low,5,name.com,,,09/08/2026 17:09
80bbe3aa-da08-488c-8b05-0f9dc4445dcc,aalst.vip,available,4.99,19.49,medium,low,5,namesilo,,,16/09/2026 13:16
56725868-25ac-4b57-bc07-436f5fd1dc80,archetype.vip,premium,224,17.7,high,low,9,namesilo,,,20/09/2026 02:02
e39cdf11-2d84-4b77-8085-fa467c7ecdc7,breastfeeding.vip,available,4.98,10.98,high,low,13,namecheap,,,17/09/2026 08:35
0090028d-0da6-41bc-8b2c-8d8fb2cbcfc9,wasps.vip,premium,1035.2,15.73,medium,low,5,spaceship,,,02/10/2026 13:52
e537f630-8fce-4ebb-b398-87fe1adce101,splashy.vip,premium,218.75,24.99,medium,low,7,name.com,,,18/08/2026 06:22
66f95bfb-a883-49b4-8524-3a8e7a889321,frogs.vip,premium,325,19.5,medium,low,5,namecheap,,,28/09/2026 18:14
3f68c07e-a667-4fe7-a96e-2fb572788c61,rattled.vip,premium,218.75,24.99,medium,low,7,name.com,,,18/08/2026 09:33
83882362-2053-4dfc-9f86-749f73557b04,suharto.vip,available,4.99,19.49,medium,low,7,namesilo,,,01/10/2026 03:56
e3a34611-a89d-4fb3-b4dd-ec917c910420,annulet.vip,available,4.99,19.49,medium,low,7,namesilo,,,19/09/2026 10:59
ee00cb63-1da5-475a-8c29-05aaf52f3e83,professional.vip,resell,,,high,low,12,"Chengdu West Dimension Digital Technology Co., Ltd.",17/05/2016 16:06,17/05/2027 16:06,26/09/2026 08:21
3d3c0e4b-2527-4106-a339-cba1ebe7366f,cather.vip,available,4.99,19.49,medium,low,6,namesilo,,,02/10/2026 23:53
94bbb412-532d-4437-9d18-2ccf03691c5d,ropey.vip,available,4.98,10.98,high,medium,5,namecheap,,,09/09/2026 18:38
5e59c8ee-6228-42fa-a896-b3aa7e8d9613,attractive.vip,premium,975,19.5,high,low,10,namecheap,,,22/09/2026 11:44
fa14d17a-0261-4a5c-ad4f-cdfd638ae2ce,changeover.vip,available,4.99,19.49,medium,low,11,namesilo,,,
dce9bb73-afc9-4877-9ea7-9c101ebe0ca5,investigative.vip,available,20.5,,medium,low,13,unstoppable,,,29/09/2026 08:53
9f04b4ae-9363-4c9c-a7e0-6c6f1c49b2b7,masses.vip,premium,103.7,15.73,high,low,6,spaceship,,,29/09/2026 22:51
eed602cc-91c6-4b9c-89dd-d4d4f346dfdc,straggly.vip,available,4.98,10.98,high,medium,8,namecheap,,,09/09/2026 10:04
93c0f705-5016-4c46-be4b-e3b34d443444,thrifty.vip,premium,640,17.7,high,low,7,namesilo,,,11/09/2026 14:34
408cff91-c593-4957-a73a-3834cf8b3c3f,precocial.vip,available,4.98,10.98,high,medium,9,namecheap,,,09/09/2026 01:15
bbdfcce5-2182-4ae1-8910-4d0d5ad116c9,grandchild.vip,available,3.82,4.9,high,low,10,spaceship,,,29/09/2026 21:23
7050e120-255f-4247-991d-27e8254288d9,lausanne.vip,premium,224,17.7,high,low,8,namesilo,,,27/09/2026 14:41
1d5b7c59-da1e-4a68-8e8b-9010f2c9c510,linguistics.vip,premium,960,17.7,high,low,11,namesilo,,,30/09/2026 14:08
597b90a3-2903-4204-a1b5-37ad421220ce,shriek.vip,available,4.98,10.98,medium,low,6,namecheap,,,09/09/2026 23:53
289f3f83-267e-47cc-8231-6f69e6f005e3,possibly.vip,premium,227.5,19.5,medium,low,8,namecheap,,,28/09/2026 16:14
4bb37ad0-4503-49c4-89d9-9273ab98686d,simplistic.vip,premium,224,17.7,high,medium,10,namesilo,,,10/09/2026 08:16
31ca9960-01ec-4b2a-a1e7-b2d7161b19a1,turnout.vip,premium,224,17.7,high,low,8,namesilo,,,03/10/2026 01:28
b9e8b370-df9a-493f-953b-62daf83db6bc,priest.vip,premium,1107,17.7,high,low,6,namesilo,,,27/09/2026 04:53
b1dc71cc-1c5c-456d-aa97-c285ff613e78,bowelless.vip,available,4.98,10.98,medium,medium,9,namecheap,,,10/08/2026 23:08
e4e2bc8b-ea3b-4202-abb0-20755023cb5e,homologous.vip,available,4.98,10.98,medium,low,10,namecheap,,,21/08/2026 12:58
63ed9264-09f8-44e6-b90e-0323049d2a84,proceeds.vip,premium,192.5,5.03,high,low,8,dynadot,,,29/09/2026 01:54
80cc3a4c-522c-4ca9-bcf3-4a5a66a3b4c9,yerkes.vip,available,4.99,19.49,medium,low,6,namesilo,,,03/10/2026 01:55
ceb030ad-f8cb-420e-928a-e2e3a0331982,mawr.vip,premium,130,19.5,medium,low,4,namecheap,,,28/09/2026 21:42
108e2999-b631-4a59-a942-037d4cc4a542,confront.vip,premium,,,medium,low,8,,,,28/09/2026 09:44
1128a018-f0c1-4c33-bdd0-aa4d9dadf539,lighted.vip,premium,125,24.99,high,low,7,name.com,,,21/08/2026 20:09
6b1d3897-dc5c-4192-817f-6f41aa1dc24c,wannabe.vip,premium,218.75,24.99,medium,low,7,name.com,,,07/08/2026 05:17
05fca057-f309-4fda-b8c0-ee7f8b25f0c3,boogie.vip,available,4.12,5.15,high,low,6,porkbun,,,29/09/2026 18:03
ed243460-b255-44c5-a03b-07f17d975fc3,azactam.vip,premium,227.5,19.5,medium,low,7,namecheap,,,21/09/2026 10:59
bbd56fb0-0bba-4583-a1c3-8de7f5676ecc,compatibility.vip,available,4.99,19.49,high,low,13,namesilo,,,30/09/2026 06:20
42b5e790-5408-4a92-8cb8-5eaf07438323,rainfall.vip,premium,224,17.7,high,low,8,namesilo,,,30/09/2026 10:55
39993b23-fb67-422e-9da3-da00b3188814,fargo.vip,premium,640,17.7,high,low,5,namesilo,,,25/09/2026 22:42
0eaaf0eb-46c6-4fbd-b4a6-dcb809964f66,stephanie.vip,premium,325,19.5,high,low,9,namecheap,,,25/09/2026 14:12
94668671-07fe-4a6b-8781-73a75c3a2df4,bloch.vip,premium,181.33,15.73,medium,low,5,spaceship,,,28/09/2026 00:50
cd078347-43fb-4341-8482-d86d2ba39866,envisioned.vip,premium,227.5,19.5,high,low,10,namecheap,,,24/09/2026 14:18
84e408da-668f-4f91-89e0-877647a79e63,uso.vip,premium,5000.5,,high,low,3,unstoppable,,,30/09/2026 20:19
acfcf742-5e18-4205-b42a-84268e340540,quavering.vip,available,4.98,10.98,medium,low,9,namecheap,,,09/09/2026 07:44
71019b29-be29-473b-be9f-44042c83116d,bandstand.vip,premium,227.5,19.5,high,low,9,namecheap,,,22/09/2026 01:32
9a6d69d9-d8d6-47c2-b779-d0c7e0a47df9,liberian.vip,available,4.98,10.98,medium,low,8,namecheap,,,23/08/2026 00:47
b1785f45-10a6-4200-adab-21a3f431f77c,branch.vip,premium,1092.18,16.9,high,low,6,porkbun,,,29/09/2026 03:57
9afdf62a-0fba-4d02-b0f8-0b15bd7dd28b,adjourned.vip,premium,224,17.7,medium,low,9,namesilo,,,29/09/2026 08:57
8b3ae3cd-dd80-46a9-8114-94426106f858,kerala.vip,resell,,,medium,low,6,,,,28/09/2026 16:15
c8abb5d3-fad7-45cb-95aa-63f6a36e6486,logs.vip,premium,181.33,15.73,medium,low,4,spaceship,,,28/09/2026 17:47
5bec3e12-f95c-4f40-b4f5-9121e1ff2599,roundabout.vip,premium,218.75,24.99,medium,low,11,name.com,,,02/10/2026 17:46
140fba66-30d9-418e-9660-f55ece1db69a,udc.vip,premium,6900,17.7,medium,low,3,namesilo,,,02/10/2026 08:40
8d18161c-e9be-42df-8dcb-eb41c0c79f24,weekly.vip,premium,302.5,17.7,high,low,6,namesilo,,,21/08/2026 05:36
f1de478b-720b-499e-90c8-d086896fc2b7,naseby.vip,available,4.99,19.49,medium,low,6,namesilo,,,22/09/2026 15:31
1fe20e10-4e87-428a-bb9c-d29e9b6dd00a,rough.vip,premium,3125,24.99,high,low,5,name.com,,,06/08/2026 09:39
f54cec80-9927-4f75-9209-ee8657a00c51,asin.vip,premium,224,17.7,medium,low,4,namesilo,,,20/09/2026 14:15
4c8d8ef5-6812-4d5f-b721-7639c597e0fd,hamas.vip,available,3.82,4.9,medium,low,5,spaceship,,,28/09/2026 09:59
cb86b728-eaec-4589-80c5-c8b410414966,airwoman.vip,available,4.99,19.49,medium,low,8,namesilo,,,17/09/2026 23:25
53d83afb-12af-41f7-a3c8-2a43914aac63,eyestrain.vip,premium,227.5,19.5,medium,low,9,namecheap,,,20/09/2026 17:21
fe3d2360-568f-4f8c-b500-060fddf9e9de,proof.vip,premium,1035.2,15.73,high,medium,5,spaceship,,,28/09/2026 08:41
77cf0b0b-19ee-4ce6-b233-8e6ca909057f,strauss.vip,premium,116,17.7,high,low,7,namesilo,,,29/09/2026 13:12
c866307b-1baa-42b7-838e-03e33d1f5a5a,kilogram.vip,premium,302.5,17.7,high,low,8,namesilo,,,30/09/2026 01:44
7c4a9495-79bf-4798-81c1-f4aafe9e2186,preemptive.vip,premium,224,17.7,high,medium,10,namesilo,,,09/09/2026 01:06
d10e619b-18bf-4b12-9f91-92a03d219cf7,legerity.vip,premium,227.5,19.5,medium,low,8,namecheap,,,17/09/2026 17:50
93e916da-f575-475f-a807-901579a13aed,carmine.vip,premium,218.75,24.99,high,low,7,name.com,,,10/08/2026 15:02
6eb123fb-348f-4dc6-b831-d130898dc768,probability.vip,premium,224,17.7,high,low,11,namesilo,,,28/09/2026 17:11
68428cf8-be2b-4e38-b6a9-8c762dd139fc,duluth.vip,available,3.82,4.9,medium,low,6,spaceship,,,01/10/2026 19:17
5a457651-1f0d-4744-a778-fb5042f7ef56,explode.vip,premium,1035.2,15.73,high,low,7,spaceship,,,27/09/2026 16:32
c36a5648-f0a3-4f4e-a7b7-a59fc8789ef6,menzies.vip,premium,224,17.7,medium,low,7,namesilo,,,29/09/2026 15:52
92cd49ca-e156-4538-894f-edcf165038f5,indistinct.vip,premium,218.75,24.99,medium,low,10,name.com,,,22/08/2026 03:14
7b04e698-fe1f-486c-801d-81977e9ff6e3,naively.vip,premium,224,17.7,medium,low,7,namesilo,,,15/09/2026 16:00
869d5f68-936d-4f5c-8671-f1aa3898f29d,sunblind.vip,available,4.99,19.49,medium,low,8,namesilo,,,21/09/2026 10:15
5111468a-6d58-4232-997e-14ce4b80bab5,granted.vip,premium,227.5,19.5,high,low,7,namecheap,,,24/09/2026 22:19
bbd0365f-6304-4c91-b968-082edd943af6,dishonesty.vip,available,4.99,19.49,medium,low,10,namesilo,,,29/09/2026 15:54
8a983f39-2f46-4d3a-9930-21dd4e223e7c,pathless.vip,premium,224,17.7,medium,low,8,namesilo,,,08/09/2026 10:25
a2f45e07-472a-43e9-8114-6049be1baed7,billhook.vip,available,24.99,24.99,medium,low,8,name.com,,,23/09/2026 16:21
114f0e27-8372-48c7-9894-92331df07e7b,canasta.vip,premium,224,17.7,medium,low,7,namesilo,,,22/09/2026 11:16
b7fa4e45-55e7-4e12-8fae-0e61e4a75aeb,smoky.vip,premium,302.5,17.7,medium,low,5,namesilo,,,10/09/2026 11:59
74dbe190-7e2b-41d7-98fb-f9cc4d68f583,kirkwood.vip,premium,53.92,17.7,medium,low,8,namesilo,,,29/09/2026 10:55
775d1496-fea5-4b6d-a17a-d8b46e2324e4,circulated.vip,premium,,,medium,low,10,,,,02/10/2026 03:37
d2a72b41-ba32-4b6d-a238-70d316c073b1,bosnia.vip,premium,1107,17.7,high,low,6,namesilo,,,25/09/2026 02:00
4a6b07a5-870e-4458-9b57-c2a6e0567443,contender.vip,premium,181.33,15.73,high,low,9,spaceship,,,30/09/2026 16:39
6e147c22-2f57-48c8-8bec-5f681c8b15b9,assistive.vip,premium,218.75,24.99,medium,low,9,name.com,,,07/08/2026 06:40
408b2527-2a73-462b-a9e3-f4179d07c377,plunk.vip,premium,224,17.7,medium,low,5,namesilo,,,15/09/2026 20:41
1255fea6-af02-4e08-ad7e-b1ff3a1aadd0,abide.vip,premium,975,16.9,high,low,5,namecheap,,,29/09/2026 04:34
ef050a2d-dcd5-405d-8a35-8d0c024ab5ad,universally.vip,premium,181.33,15.73,high,low,11,spaceship,,,01/10/2026 18:19
304abee8-affb-4a22-ba1b-a398a470a97d,slap.vip,premium,224,17.7,high,low,4,namesilo,,,13/09/2026 23:26
f41b4361-3c80-45d4-96fd-3fd2710fbd80,lied.vip,premium,130,19.5,high,low,4,namecheap,,,25/09/2026 08:58
7ef567e0-86c4-4fcb-b517-3e0e5dd0ea9c,celsius.vip,premium,224,17.7,high,low,7,namesilo,,,19/09/2026 04:00
6a7839b0-3fa9-496b-9cd8-5de828334879,etiology.vip,premium,224,17.7,medium,low,8,namesilo,,,17/09/2026 13:48
85591ffd-aaba-4161-84c1-890e44481c69,crossways.vip,available,4.98,10.98,medium,low,9,namecheap,,,14/09/2026 09:48
f6d7ec0b-7b17-4ddc-a384-d3fb7014a49c,nia.vip,premium,5175.2,15.73,high,low,3,spaceship,,,29/09/2026 20:55
5532f465-9926-46c2-b70a-6ffbf0f73a6e,tablet.vip,premium,250.5,,high,low,6,unstoppable,,,28/09/2026 20:05
491270f7-47da-4ea2-8a28-3431206db353,alcatraz.vip,premium,224,17.7,medium,low,8,namesilo,,,02/10/2026 08:29
097022f5-a81a-4021-b03a-b67f544c130f,stoker.vip,available,4.98,10.98,medium,low,6,namecheap,,,16/09/2026 16:53
eb92f233-c406-46c2-bb56-24c05d1f08c5,alleviant.vip,available,4.98,10.98,medium,low,9,namecheap,,,04/09/2026 23:46
cf3295c5-4a47-4862-ad77-5dceb4b3d7fc,enthusiast.vip,premium,224,17.7,high,low,10,namesilo,,,08/09/2026 02:16
bd56512b-d97b-4424-8511-1a0cd130f825,ceremonial.vip,premium,224,17.7,high,low,10,namesilo,,,19/09/2026 15:03
0bfa7243-1130-4ca6-9b01-f3591c0bd9e6,rsa.vip,premium,6900,17.7,high,low,3,namesilo,,,29/09/2026 03:45
30996f02-698f-498f-b2e8-946af16852c1,anhydride.vip,available,4.99,19.49,medium,low,9,namesilo,,,19/09/2026 08:24
3a6c4c05-2328-4191-9ed5-6b8e3a8f9b88,prize.vip,premium,3125,24.99,high,low,5,name.com,,,12/08/2026 06:35
85b38c1d-34e6-4251-99ad-a0e147ce3a49,painted.vip,premium,116,17.7,high,low,7,namesilo,,,25/09/2026 23:19
66c9fb64-def9-4a77-8583-eba9f5f2a1e6,endicott.vip,premium,224,17.7,medium,low,8,namesilo,,,30/09/2026 01:32
e1a83dfb-4023-4e20-a8d1-a1efe663b0d6,fleetly.vip,available,4.98,10.98,medium,low,7,namecheap,,,14/09/2026 18:56
a1906a58-f887-4efc-b1f8-b5c0f1c4925b,algonkin.vip,available,4.98,10.98,medium,low,8,namecheap,,,
5501dee9-17eb-41f0-806f-94ee778145f3,austere.vip,premium,224,17.7,medium,low,7,namesilo,,,22/09/2026 13:15
a3c13af5-3b9e-42dd-a27e-3525c10da353,pasang.vip,available,4.99,19.49,medium,low,6,namesilo,,,23/09/2026 12:24
a536ed1f-2d2f-4288-a36d-aa822eccd045,household.vip,premium,175.5,,high,low,9,unstoppable,,,29/09/2026 18:57
d1b7b441-a649-4aed-83d8-61693c81af07,verifiable.vip,premium,218.75,24.99,high,low,10,name.com,,,12/08/2026 20:51
9997d7d8-5503-4503-af68-741b8e711c5a,forms.vip,premium,3450,17.7,high,low,5,namesilo,,,17/09/2026 09:39
41fae5ea-3348-4803-85e1-f77cc61a2828,foxy.vip,premium,1107,17.7,high,low,4,namesilo,,,13/08/2026 04:30
28a38d09-304e-4877-ad37-7b446b526511,filets.vip,available,4.99,19.49,medium,low,6,namesilo,,,20/09/2026 11:33
6af84d8c-8735-4859-a20a-e62dfe0c7148,abingdon.vip,premium,175.5,,medium,low,8,unstoppable,,,28/09/2026 22:10
35cd833b-7bec-418f-a63d-bb6dd5ea50d9,tutsi.vip,available,3.82,4.9,medium,low,5,spaceship,,,02/10/2026 16:59
bc591c4c-149d-4298-832a-e99300809687,indigotin.vip,available,4.98,10.98,medium,low,9,namecheap,,,22/08/2026 03:05
6cbf1fc5-eaf1-461e-affa-e7153ab02e99,thusly.vip,available,4.99,19.49,medium,low,6,namesilo,,,16/09/2026 09:04
ed974c6b-2701-42db-b9b8-874cef2ccef7,smoggy.vip,available,4.98,10.98,medium,low,6,namecheap,,,10/09/2026 11:52
a43edd38-ff71-449f-a746-e7752ba67302,fortemente.vip,available,4.98,10.98,medium,low,10,namecheap,,,18/08/2026 12:36
c5b8f7ac-8db1-4edd-975c-a473982c3cc5,lega.vip,premium,192.5,5.03,high,low,4,dynadot,,,30/09/2026 21:45
c72ccbb3-a5b3-440c-ac6d-314054892409,azide.vip,available,4.99,19.49,medium,low,5,namesilo,,,21/09/2026 11:12
c901b833-7b4b-488d-933d-1fe85ad0d7b9,cruel.vip,premium,960,17.7,high,low,5,namesilo,,,22/09/2026 17:21
900c1cee-7e5f-46f1-b35c-ec6aa87303ae,nonfat.vip,available,4.98,10.98,medium,low,6,namecheap,,,17/08/2026 23:23
f6dd0290-90df-43e5-9916-19f48b6a9912,overshot.vip,premium,224,17.7,medium,low,8,namesilo,,,04/09/2026 21:51
62d7637d-d31c-4214-98dc-22030663ef7d,bromley.vip,premium,,,medium,low,7,,,,28/09/2026 17:16
37e00f6a-c2b7-434b-beb5-9f842fb9e4eb,blithesome.vip,available,4.98,10.98,medium,low,10,namecheap,,,10/08/2026 14:39
cecbcbcf-44ca-4b3e-8029-764233434de8,battleships.vip,available,3.82,4.9,medium,low,11,spaceship,,,02/10/2026 03:55
73638b0f-4b6c-4177-bb9c-3d47f738d328,comatose.vip,premium,218.75,24.99,medium,low,8,name.com,,,12/08/2026 18:25
0ae29ca8-bf45-4242-a32b-4aa7e88eed1d,descent.vip,premium,960,17.7,high,low,7,namesilo,,,08/09/2026 13:07
7ee68746-de9b-43ed-9b02-9e97e06799b9,manycore.vip,available,4.99,19.49,medium,low,8,namesilo,,,17/09/2026 08:17
ff0ce7c5-72ad-4ae3-b5ce-55a5b8f914cc,projections.vip,premium,181.33,15.73,medium,low,11,spaceship,,,30/09/2026 06:43
c36b53ae-7d7f-4d77-8ecd-1cf4b64e5c97,lorraine.vip,premium,640,17.7,high,low,8,namesilo,,,25/09/2026 09:09
9f872930-d034-4a7b-bd07-73e0779428da,metabolic.vip,premium,218.75,24.99,high,low,9,name.com,,,24/08/2026 21:26
a5513712-54c5-4cd4-ad90-0fce117a139f,amiss.vip,premium,218.75,24.99,medium,low,5,name.com,,,
1c9ff8db-7d49-4e6d-b509-892e95376c4c,sculptor.vip,premium,750.5,,medium,low,8,unstoppable,,,30/09/2026 02:48
14a3653a-648a-496a-9885-aede89eeabcc,compile.vip,premium,224,17.7,high,low,7,namesilo,,,08/09/2026 09:16
c087a21b-1a17-40ff-96f2-bb861751aff3,bounded.vip,premium,218.75,24.99,medium,low,7,name.com,,,10/08/2026 21:52
079d5ae8-bcdf-48cc-9c9a-d33fef723c02,epochal.vip,premium,218.75,24.99,medium,low,7,name.com,,,17/08/2026 11:24
0248fab1-2469-46fb-811b-94ee64dffcdc,bumped.vip,premium,110,5.03,medium,low,6,dynadot,,,29/09/2026 21:29
74298abf-a827-40b7-a7f8-baf16df141a0,hierarchic.vip,available,4.98,10.98,medium,low,10,namecheap,,,21/08/2026 08:20
f70ed034-42aa-490a-ae32-5150c2285d7e,ruinous.vip,available,4.98,10.98,medium,low,7,namecheap,,,10/08/2026 13:28
c096aec9-9645-4298-a18b-6cd47828492d,adjectives.vip,premium,224,17.7,medium,low,10,namesilo,,,18/09/2026 16:11
10d89af6-bfe2-4c44-a3c3-bcdab59de10a,rockbound.vip,available,4.98,10.98,medium,low,9,namecheap,,,09/09/2026 18:10
ed595405-333b-4122-989e-b380fc1b3fbf,damp.vip,premium,218.75,24.99,medium,low,4,name.com,,,13/08/2026 16:39
465de7d9-86ba-4b5d-b892-944c159ef338,implies.vip,premium,,,medium,low,7,,,,29/09/2026 15:58
26420092-0f17-47b8-8cca-57944cc1c1bc,downscale.vip,available,4.98,10.98,medium,low,9,namecheap,,,14/08/2026 17:52
de756584-d5c2-4cd5-8a38-d93440c3b90f,snack.vip,premium,302.5,17.7,high,low,5,namesilo,,,01/10/2026 16:27
54a042ed-5307-4beb-a6b1-5d1a9e5e8bd8,maidens.vip,available,4.98,10.98,high,low,7,namecheap,,,02/10/2026 03:57
321640d3-f42b-4d55-910c-b419729be01c,clef.vip,premium,224,17.7,medium,low,4,namesilo,,,24/09/2026 15:30
d3533e44-2d68-4314-97ac-ae18bbbc0574,vitaliser.vip,available,4.99,19.49,medium,low,9,namesilo,,,19/09/2026 09:12
1f17f610-d990-4dc3-a453-a0b89e245031,rankin.vip,available,4.99,19.49,high,low,6,namesilo,,,27/09/2026 04:34
b64f0987-64df-45c5-91e1-739fc1fb6cb8,supplicant.vip,available,4.98,10.98,medium,low,10,namecheap,,,11/09/2026 03:28
f0ea8646-88c3-48ef-a8cf-218c5b8c26ff,hometown.vip,premium,1107,17.7,medium,low,8,namesilo,,,30/09/2026 22:54
eb46a8f0-3049-4a3f-80cb-79ffe6a8e17a,antibiotic.vip,premium,1107,17.7,high,low,10,namesilo,,,22/09/2026 06:14
c80a41d2-3f03-4ed7-8df2-a7bf055c27cb,aloud.vip,premium,224,17.7,high,low,5,namesilo,,,25/09/2026 14:25
bea547ad-3dd3-46fb-a6ab-525c4f8f25e5,clipboards.vip,available,4.99,19.49,medium,low,10,namesilo,,,20/09/2026 11:59
681020e0-5182-44a0-b739-8769febac519,prestigious.vip,premium,191.57,16.9,high,low,11,porkbun,,,29/09/2026 08:35
79673ce8-7263-4e2c-8ab6-573f3d4f7419,discussion.vip,premium,1107,17.7,high,low,10,namesilo,,,29/09/2026 15:38
4b0570e7-a8b7-4d98-8f54-d478a57667b0,examining.vip,premium,191.57,16.9,high,low,9,porkbun,,,29/09/2026 08:41
b425b7ec-6f5e-402c-b37f-5eec90b43081,anglesea.vip,available,4.99,19.49,medium,low,8,namesilo,,,19/09/2026 06:27
ddaa7a14-14d1-487d-87a5-3cbd82346dcc,inheriting.vip,available,4.98,10.98,medium,low,10,namecheap,,,22/08/2026 05:04
ebaa7d18-5be5-42ae-88fe-13a15b60d58a,roots.vip,premium,3450,17.7,high,low,5,namesilo,,,30/09/2026 10:25
5416cbd5-279b-4de8-88f6-2fde78f182ae,florist.vip,premium,1100,5.03,high,low,7,dynadot,,,01/10/2026 02:11
463290b3-b8cd-4e31-85fc-3660f8c2a822,catarrhal.vip,available,4.98,10.98,medium,low,9,namecheap,,,11/08/2026 21:09
38a5dd5e-1257-432b-aa31-2c922fe00b3c,cockcrow.vip,available,4.98,10.98,medium,low,8,namecheap,,,11/09/2026 02:11
6c07fd16-fa1d-4f77-93be-38ba1b1622b1,flawless.vip,premium,218.75,24.99,high,low,8,name.com,,,18/08/2026 07:19
9e2c3901-c70f-4075-9863-25d6bd5ec6ad,blossoming.vip,available,4.98,10.98,high,low,10,namecheap,,,18/08/2026 09:04
32f484a7-998e-431f-947a-7c370cb61315,musing.vip,available,4.98,10.98,high,low,6,namecheap,,,11/08/2026 05:58
1e835135-e428-429c-99bd-eb1e4bfa65d5,puppyish.vip,available,4.98,10.98,high,medium,8,namecheap,,,09/09/2026 06:09
21afc68a-6b68-446d-b04c-bfaab0a81f97,aspiring.vip,premium,,,high,low,8,,,,30/09/2026 11:46
ec365267-4991-4266-948b-66ed4269cdd9,welds.vip,premium,325,19.5,medium,low,5,namecheap,,,20/09/2026 14:08
d6cce7a0-510b-4edc-981b-621b09335db6,situations.vip,premium,191.57,16.9,medium,low,10,porkbun,,,28/09/2026 04:50
36ec4c20-f6c3-43ff-a1fe-7394188e50e0,superfamily.vip,available,4.49,5.03,medium,low,11,dynadot,,,29/09/2026 02:59
27193ebc-81bd-4ed2-80f1-c93e50fa9f66,scared.vip,premium,1107,17.7,medium,low,6,namesilo,,,18/08/2026 15:38
123de6c2-cb12-437c-8ac9-1cef006794df,firebug.vip,premium,218.75,24.99,medium,low,7,name.com,,,22/08/2026 00:57
bb8d5f72-bf70-4541-b788-a02e58d2c787,abdias.vip,available,4.98,10.98,medium,low,6,namecheap,,,16/09/2026 14:41
38b1dd90-853a-4287-9edf-528246cf0df7,scorn.vip,premium,1107,17.7,medium,low,5,namesilo,,,24/09/2026 17:41
395eb510-1b6c-47da-985d-c61385d50a40,ebert.vip,available,4.99,19.49,medium,low,5,namesilo,,,28/09/2026 08:02
f0ac19be-dfee-451a-99a3-ff2e0d26a3fc,cowles.vip,available,15.2,15.2,medium,low,6,cloudflare,,,30/09/2026 05:23
41ffdb94-3969-4446-8c96-5c6056626773,burnham.vip,premium,53.92,17.7,medium,low,7,namesilo,,,27/09/2026 03:24
a2d29533-bedb-4707-a382-128e53a696e0,discharge.vip,premium,224,17.7,high,low,9,namesilo,,,20/09/2026 01:05
a251e365-9b7f-4dad-9d7e-79298c63d21d,ballyhoo.vip,premium,224,17.7,high,low,8,namesilo,,,21/09/2026 23:32
2d17ca49-aac4-4388-9cf8-337b0f926861,generosity.vip,premium,224,17.7,high,low,10,namesilo,,,29/09/2026 01:04
329808e8-5e4f-4f0f-b39a-d8f385b5acbd,aptness.vip,available,4.99,19.49,medium,low,7,namesilo,,,19/09/2026 22:03
7be06679-1ba8-4e88-8cd0-fd83fc99cb45,thucydides.vip,available,4.49,5.03,medium,low,10,dynadot,,,30/09/2026 18:58
3a998b6d-960f-4521-b2b1-7a5bd638fb83,essene.vip,available,4.98,10.98,medium,low,6,namecheap,,,17/08/2026 13:19
6e15cff5-84fb-4098-b098-437f8065921d,spice.vip,premium,3450,17.7,high,low,5,namesilo,,,30/09/2026 11:40
abca01a1-3e4d-4df0-93b0-0cbc8e8ec9f0,oxalis.vip,available,4.98,10.98,medium,low,6,namecheap,,,10/09/2026 14:35
09f80e65-db48-4419-a8c5-13f621d20b46,squirrels.vip,premium,181.33,15.73,medium,low,9,spaceship,,,29/09/2026 23:34
12e708f7-9322-4dc7-80b2-6ddcb6f4b1ee,refined.vip,premium,116,17.7,high,medium,7,namesilo,,,09/09/2026 12:36
0d8df6c2-c6c4-4d46-8e5c-98d02161c64c,broward.vip,premium,130,19.5,medium,low,7,namecheap,,,29/09/2026 22:39
2678e14d-59b7-4e96-9410-4ade7783e4c8,harmonize.vip,premium,224,17.7,high,low,9,namesilo,,,16/09/2026 22:54
49e2b176-0493-4196-8e96-8c770a068a4e,procedural.vip,premium,224,17.7,high,low,10,namesilo,,,09/09/2026 02:31
07e48c59-d035-46dc-b041-55204bb2db36,leaping.vip,premium,227.5,19.5,high,low,7,namecheap,,,30/09/2026 17:53
31c1bad3-aed0-49cb-b03b-35c8949725d7,edamame.vip,premium,224,17.7,high,low,7,namesilo,,,20/09/2026 02:22
a80af468-5e30-44b2-a417-44b15506c115,sharpen.vip,premium,175.5,,high,low,7,unstoppable,,,03/10/2026 02:36
bd74f760-c79d-4bf2-9d94-ea75057c2276,delaying.vip,premium,181.33,15.73,medium,low,8,spaceship,,,30/09/2026 04:10
bf9dd3a7-0d64-4927-8f05-fcb3a2978e94,obedience.vip,premium,181.33,15.73,high,low,9,spaceship,,,29/09/2026 13:35
4f88038a-8997-407d-b94d-157ecc44fcad,fatless.vip,available,4.98,10.98,medium,low,7,namecheap,,,17/08/2026 23:27
f158813a-a8ab-40cc-b162-726359a63f6d,indemnity.vip,premium,224,17.7,medium,low,9,namesilo,,,18/09/2026 18:43
d7f0af37-aa88-4143-a668-84c2a1f4a152,locating.vip,premium,960,17.7,high,low,8,namesilo,,,09/09/2026 00:10
7870180b-dce1-4d59-87a4-14a484febc60,corporal.vip,premium,218.75,24.99,high,low,8,name.com,,,13/08/2026 01:52
60f6d761-22c9-4adb-8604-0f2e7c7e93ad,untaught.vip,available,4.98,10.98,medium,low,8,namecheap,,,12/09/2026 18:56
aa61d8d5-1e46-49fb-9dd1-55f2a854b3e6,davis.vip,premium,3250,19.5,high,low,5,namecheap,,,23/09/2026 11:38
addb5d5d-2aa7-4ecc-a183-f654436b8a37,fischer.vip,premium,1300,19.5,high,high,7,namecheap,,,25/09/2026 00:22
de7e5253-44ff-4c43-9337-71e18a0b05da,haply.vip,premium,224,17.7,medium,low,5,namesilo,,,14/09/2026 04:36
e38fcd5f-df39-4a93-839d-98729d5f830d,sleepless.vip,premium,218.75,24.99,medium,low,9,name.com,,,22/08/2026 07:24
84b910ce-5c5e-4b76-af45-b1fe67bef1ec,barm.vip,premium,224,17.7,medium,low,4,namesilo,,,22/09/2026 06:34
30f17696-3a13-4df5-95a6-a731fcdf33f8,muffle.vip,available,24.99,24.99,medium,low,6,name.com,,,13/08/2026 16:49
b85a1103-b626-4ec5-b6b4-7f7d6d6a01bf,militant.vip,premium,218.75,24.99,high,low,8,name.com,,,
87da7129-5ae3-4dad-822a-33744999b0d1,consultant.vip,resell,,,high,low,10,"Chengdu West Dimension Digital Technology Co., Ltd.",14/08/2019 07:00,14/08/2027 07:00,28/09/2026 19:05
022c0682-5501-4483-8619-7acc1f407657,inspect.vip,premium,116,17.7,high,low,7,namesilo,,,21/09/2026 03:08
91755915-bf1c-46a5-8cb9-82b32488a39b,alabaster.vip,premium,218.75,24.99,high,low,9,name.com,,,
b12b1edb-1b97-48ae-952e-cf0d79e3da99,rocambole.vip,available,4.99,19.49,medium,low,9,namesilo,,,18/09/2026 11:33
d6ba2925-6490-49a1-af07-35c962a4a9a1,ascension.vip,premium,218.75,24.99,high,low,9,name.com,,,07/08/2026 00:30
b9970595-04b9-4dc5-8965-b32dbeaba8f8,apatite.vip,premium,224,17.7,medium,low,7,namesilo,,,19/09/2026 16:18
869eb35b-2576-47e3-96cc-786220695338,aalto.vip,premium,224,17.7,high,low,5,namesilo,,,16/09/2026 13:16
7f1424fc-c9ac-4105-b9be-cfeb8acff80d,theoretical.vip,premium,224,17.7,medium,low,11,namesilo,,,29/09/2026 03:03
91771f2f-d1c8-4687-87c1-6f5ca137c517,coded.vip,premium,750.5,,high,low,5,unstoppable,,,30/09/2026 04:05
abb46ccf-428c-4304-81ac-01c475509c2b,servicemen.vip,available,3.82,4.9,medium,low,10,spaceship,,,02/10/2026 12:09
bbc217b3-525d-44bf-ae98-56f11c084931,mannerism.vip,premium,224,17.7,medium,low,9,namesilo,,,17/09/2026 14:14
b3cff6db-e3df-46e4-980f-539b46f6d040,dug.vip,premium,5175.2,15.73,high,low,3,spaceship,,,28/09/2026 05:32
09066854-d088-4f99-b9a3-fba8650e52cf,addible.vip,available,4.98,10.98,medium,low,7,namecheap,,,
a6381759-da28-432b-aaaf-5e3edae23ee9,beriberi.vip,available,4.98,10.98,medium,low,8,namecheap,,,23/09/2026 09:23
ab5f3bcf-c9b3-445c-a8ea-dba3df07e337,ionia.vip,premium,181.33,15.73,medium,low,5,spaceship,,,01/10/2026 20:04
2ea32807-4a8f-4a57-89cc-28d73f371767,statehood.vip,premium,218.75,,high,low,9,name.com,,,
4e25d8fa-c527-4e50-a681-6004f11bdc07,fitly.vip,premium,224,17.7,medium,low,5,namesilo,,,13/09/2026 20:33
11018298-da2f-4a91-9c3e-a1a901963a7a,bewitch.vip,available,4.98,10.98,medium,low,7,namecheap,,,21/08/2026 07:41
488b6db1-18a2-4003-8770-3cd446ec6a21,rows.vip,premium,181.33,15.73,low,low,4,spaceship,,,29/09/2026 10:22
e428d48b-1cf0-4f5a-8155-7bd3d51bf644,songbirds.vip,premium,224,17.7,medium,low,9,namesilo,,,21/09/2026 08:44
d2a65165-4d4f-4372-a015-9cce1740c175,darmstadt.vip,premium,29.5,17.7,medium,low,9,namesilo,,,28/09/2026 22:04
4a99f4c0-c372-4f09-9480-ff450b0ea4ed,obliquity.vip,premium,227.5,19.5,medium,low,9,namecheap,,,20/09/2026 18:47
a584211d-60bc-472b-88ad-8d958f157b82,parenting.vip,premium,302.5,17.7,high,low,9,namesilo,,,
876197a8-8b0c-4f59-b5cd-dfbc480d91f7,preset.vip,available,4.98,10.98,high,medium,6,namecheap,,,09/09/2026 01:24
26d78f27-83d5-45a0-902f-ff8822c5e3df,orad.vip,premium,130,19.5,medium,low,4,namecheap,,,15/09/2026 18:09
349e3824-be34-4717-aedb-299a8d7c23c7,suggesting.vip,premium,181.33,15.73,high,low,10,spaceship,,,27/09/2026 17:56
5b8bdeb3-ca3d-4f39-ab47-ecdf4e283204,blankness.vip,available,4.99,19.49,medium,low,9,namesilo,,,24/09/2026 04:02
24e37f2e-c10e-4c8a-8762-0af1e3a845de,alienation.vip,premium,224,17.7,high,low,10,namesilo,,,18/09/2026 07:35
26992776-b795-40ec-84d4-15804f247e0f,eventide.vip,premium,218.75,24.99,high,low,8,name.com,,,17/08/2026 14:48
112e27ce-d003-460a-9441-f3dd92e236c4,casing.vip,premium,109.69,16.9,high,low,6,porkbun,,,30/09/2026 08:59
9c1c2604-2bb4-4637-8550-89a2e0e7a0e4,losers.vip,available,20.5,,medium,low,6,unstoppable,,,28/09/2026 04:59
6625a1ef-aa6e-46dc-834b-294d9b4d1a01,vindicator.vip,available,4.98,10.98,medium,low,10,namecheap,,,19/09/2026 18:48
375ae630-307d-4fe9-9393-90b178c69684,ooze.vip,premium,224,17.7,high,low,4,namesilo,,,04/09/2026 15:40
da2f8b59-9c3d-4a05-9481-0ae602475fe3,memorable.vip,premium,227.5,19.5,high,low,9,namecheap,,,25/09/2026 19:29
19682ed8-f0a9-423a-a3cd-6d7bcb74a527,mouldy.vip,available,4.98,10.98,medium,low,6,namecheap,,,25/08/2026 03:52
8ad301c3-2edc-49be-a1ad-2e79132dd982,turmoil.vip,premium,227.5,19.5,medium,low,7,namecheap,,,29/09/2026 19:12
9fa4fccb-908a-45ba-8136-f5fca357a713,cursory.vip,premium,116,17.7,medium,low,7,namesilo,,,13/08/2026 11:41
4bba4e54-69a8-404e-8ef3-1a29510e6f4c,claudius.vip,premium,175.5,,medium,low,8,unstoppable,,,01/10/2026 18:58
6ad9150b-0dc5-4448-af14-eaf0a8b10b5f,chin.vip,premium,6900,17.7,high,low,4,namesilo,,,29/09/2026 08:41
ab94d7c5-af21-442b-805d-48941e18fc41,swoon.vip,premium,312.5,24.99,high,low,5,name.com,,,17/08/2026 21:03
7e9aaf10-3fdf-45e8-b90a-c66ca9522c39,lethargic.vip,available,4.98,10.98,medium,low,9,namecheap,,,23/08/2026 00:27
484ff57d-586f-4348-96ac-481658c59636,jodie.vip,premium,192.5,5.03,medium,low,5,dynadot,,,02/10/2026 09:15
2213ca32-e4ad-48b6-8364-04131d9626d6,pepsi.vip,premium,181.33,15.73,high,low,5,spaceship,,,30/09/2026 06:38
924789b7-6ccb-4b4e-9e16-2b6f3ab4dca5,affecting.vip,premium,218.75,24.99,high,low,9,name.com,,,
31261bdf-eef3-490c-b9ca-20d5792dd601,obliterate.vip,available,4.98,10.98,medium,low,10,namecheap,,,10/08/2026 15:34
088a5472-2d04-47e4-90d6-d9026bba1455,shipping.vip,resell,,,high,low,8,Alibaba Cloud Computing Ltd. d/b/a HiChina (www.net.cn),17/05/2016 16:00,17/05/2027 16:00,02/10/2026 13:00
872861fb-96f8-4ebe-b0bf-55de284ace76,chung.vip,premium,224,17.7,medium,low,5,namesilo,,,28/09/2026 16:45
40208ee6-c302-4251-a6b3-a31eaf1f7cb2,baseboard.vip,premium,224,17.7,medium,low,9,namesilo,,,22/09/2026 10:08
0a1fb21c-4f39-47d0-ad9e-32a5610cef85,shopworn.vip,premium,218.75,24.99,low,low,8,name.com,,,08/08/2026 11:06
1b4fa812-2488-4c10-aae5-844859d4a6e5,legend.vip,resell,,,high,low,6,Dynadot Inc,16/11/2024 16:49,16/11/2029 16:49,30/09/2026 02:45
adaca2e5-17a0-42d7-96ff-d0686aeec82d,viruses.vip,premium,103.7,15.73,medium,low,7,spaceship,,,30/09/2026 06:37
a0099bce-5187-44f8-b5f3-f4a103a30c88,cones.vip,premium,960,17.7,medium,low,5,namesilo,,,30/09/2026 15:18
50fde220-ddfc-4da4-aebd-05f55c8f97f6,researchers.vip,premium,224,17.7,medium,low,11,namesilo,,,18/09/2026 17:37
bf951b08-2a84-43d7-aa9f-93357691f552,exhilarating.vip,premium,181.33,15.73,high,low,12,spaceship,,,02/10/2026 18:08
4d5e85d6-b6e3-4321-8d04-ba7391c54a1c,harmonica.vip,premium,224,17.7,high,low,9,namesilo,,,01/10/2026 02:25
f2664f18-a5e7-40aa-aad3-e44a159831ca,vertigo.vip,premium,181.33,15.73,high,low,7,spaceship,,,01/10/2026 01:46
aed0b6e8-3b23-4f2a-b178-05ea36ca384c,eic.vip,premium,5458.82,16.9,high,low,3,porkbun,,,29/09/2026 21:33
bc9992af-c62a-4019-921c-1b8f911db0c6,primordium.vip,available,4.99,19.49,medium,low,10,namesilo,,,19/09/2026 09:53
c3fd3565-03bf-4041-b03a-3174b3d45720,mealy.vip,premium,218.75,24.99,low,low,5,name.com,,,12/08/2026 14:05
c389142b-52f7-41cf-ada6-eeb7abda91d9,diffident.vip,premium,218.75,24.99,medium,low,9,name.com,,,14/08/2026 07:01
3b12f65a-5b4a-4dd9-b550-d17033d797fe,deere.vip,premium,224,17.7,high,low,5,namesilo,,,30/09/2026 01:17
8af7ca26-0702-489b-a8d8-c39d035c2c26,xcvi.vip,premium,116,17.7,medium,low,4,namesilo,,,
31ed64bb-dfcd-4091-aa59-201851164f6b,bumpy.vip,premium,218.75,24.99,medium,low,5,name.com,,,11/08/2026 09:48
17b24dc4-8801-4239-a388-6f0feeef9b70,whacked.vip,premium,224,17.7,medium,low,7,namesilo,,,13/09/2026 11:08
ad64a82b-7edb-4731-86e0-c41fd8ca0888,lra.vip,premium,5500,5.03,high,low,3,dynadot,,,02/10/2026 07:11
41f4c456-c594-4994-bdcf-3d9d8973a6e7,czechoslovakia.vip,available,4.99,19.49,medium,low,14,namesilo,,,
14f0769c-1408-4208-a9f1-eaf10cef4be6,axial.vip,premium,302.5,17.7,high,low,5,namesilo,,,22/09/2026 15:33
5166de34-3589-4e76-8696-bdd2bfaa9901,trichrome.vip,available,4.98,10.98,medium,low,9,namecheap,,,11/09/2026 19:24
a16af3d5-1a92-4251-8286-a4693ae8dd61,swiftly.vip,premium,224,17.7,high,low,7,namesilo,,,28/09/2026 14:53
104e1b4a-16a4-4477-b86f-ea9831b0a925,bitstock.vip,available,4.99,19.49,medium,low,8,namesilo,,,23/09/2026 22:47
fd8d576e-66dd-4795-ae1e-70c874dbe23c,gauguin.vip,available,15.2,15.2,medium,low,7,cloudflare,,,01/10/2026 19:42
4e590295-74ad-432c-af17-24042f73c546,tricia.vip,premium,116,17.7,high,low,6,namesilo,,,03/10/2026 05:12
637bd691-3d67-455a-93fa-0f3051271eaa,graeme.vip,available,20.5,,medium,low,6,unstoppable,,,29/09/2026 03:58
cd69e691-f426-49f1-9d2d-32206441a9c7,irresistible.vip,premium,192.5,5.03,high,low,12,dynadot,,,29/09/2026 14:37
d091910d-1751-4e5e-8bad-e46c0a24019f,behavioral.vip,premium,218.75,24.99,medium,low,10,name.com,,,09/08/2026 10:16
17695e0e-5864-4eca-aeda-7048ec30931d,contempt.vip,premium,192.5,5.03,medium,low,8,dynadot,,,29/09/2026 11:21
1d021d36-6b22-4b2c-af0d-3cb50093f4e4,sequencing.vip,premium,224,17.7,high,low,10,namesilo,,,02/10/2026 03:03
39030ddc-3eac-468b-a8c7-b6beac300199,uxorious.vip,available,4.98,10.98,medium,low,8,namecheap,,,13/09/2026 00:33
0e35f178-12cf-4874-8c87-1306a82885ae,antilles.vip,premium,224,17.7,medium,low,8,namesilo,,,19/09/2026 14:37
d2b82cfd-71fa-4a61-92c4-89080fd674cd,snuggery.vip,available,4.98,10.98,high,medium,8,namecheap,,,10/09/2026 12:53
82b5dc84-4513-4d99-9144-0347469fdd43,screamer.vip,premium,224,17.7,medium,low,8,namesilo,,,22/09/2026 17:00
46420faa-6e59-41bf-8bf7-5dcec97db6b7,favoring.vip,available,3.82,4.9,high,low,8,spaceship,,,02/10/2026 18:12
4c10fb82-aa53-495f-8609-615b6c99e1e3,furious.vip,premium,218.75,24.99,high,low,7,name.com,,,
ac8d4ecf-aa40-4c83-948b-e8370d322a91,hugging.vip,premium,224,17.7,high,low,7,namesilo,,,24/09/2026 12:55
8e560d56-98a5-450b-9b9c-61ded3b5727d,bowfront.vip,available,4.98,10.98,high,medium,8,namecheap,,,10/08/2026 23:19
892d4a9f-ffe9-43ca-a361-c9a368f15e9d,semitic.vip,available,4.98,10.98,medium,low,7,namecheap,,,10/09/2026 03:32
7763b7ad-0f8d-45b1-95aa-983a095e2cde,sheepish.vip,premium,224,17.7,high,medium,8,namesilo,,,10/09/2026 06:19
97747861-8597-4b80-86a6-4fdc566a2182,outdoorsy.vip,premium,227.5,19.5,high,low,9,namecheap,,,04/09/2026 19:14
6e4439e5-c2bf-4f13-92c1-d40cc2e5066a,wayne.vip,premium,1107,17.7,high,low,5,namesilo,,,19/09/2026 13:47
1e0fed66-eb2f-4daf-91e3-42d6125b5e0e,tornadoes.vip,available,4.99,19.49,medium,low,9,namesilo,,,16/09/2026 14:14
d1b11521-8d44-4b0c-bc91-d56958abacff,gunman.vip,available,4.49,5.03,medium,low,6,dynadot,,,01/10/2026 02:21
f0893195-59e7-44ce-b9b0-1b37165c3fd2,sba.vip,premium,5175.2,15.73,high,low,3,spaceship,,,30/09/2026 11:00
de9f774f-0b2d-4cf2-86fc-2378c5be8224,dandified.vip,available,24.99,24.99,medium,low,9,name.com,,,13/08/2026 17:01
98112d00-2a6d-4c6b-8d49-61f2932a17bd,manners.vip,premium,975,19.5,high,low,7,namecheap,,,27/09/2026 04:41
88bf51b9-f87c-424a-ac0a-674c7b2e88c2,rookie.vip,premium,302.5,17.7,high,low,6,namesilo,,,29/09/2026 12:33
b980621d-2b11-4a55-adf9-ab4763364b2c,pervert.vip,premium,116,17.7,medium,low,7,namesilo,,,23/09/2026 23:54
65e86970-91f6-4fea-b14a-8dcf591b36d4,jocular.vip,premium,116,17.7,medium,low,7,namesilo,,,22/08/2026 12:57
99f35de0-5805-4953-b247-a99bbe08e319,reproductive.vip,premium,181.33,15.73,high,low,12,spaceship,,,29/09/2026 14:35
811258e1-3f4e-44ca-badf-9d47fa886497,maru.vip,premium,6900,17.7,high,low,4,namesilo,,,30/09/2026 11:45
604be067-0468-4104-8ac4-ba415acdac23,pinchbeck.vip,available,4.98,10.98,high,medium,9,namecheap,,,08/09/2026 19:43
079c42ef-e5b0-40d7-bb56-ceb3dc6b494f,agrypnia.vip,available,4.98,10.98,medium,low,8,namecheap,,,17/09/2026 20:02
9163c5f8-b649-495c-bab1-11da0fdbd667,buchanan.vip,premium,110,5.03,high,low,8,dynadot,,,28/09/2026 01:11
509fd442-d6c6-46d2-a2e5-6484fd5111df,rawlings.vip,premium,100.5,,medium,low,8,unstoppable,,,30/09/2026 05:43
b121cb2e-ce71-4894-9924-360e32d77ed7,rhianna.vip,available,4.49,5.03,high,low,7,dynadot,,,02/10/2026 14:02
bc79832e-4c9c-4506-af61-054f9ef79288,presley.vip,premium,191.57,16.9,medium,low,7,porkbun,,,30/09/2026 09:32
4683d0da-7353-44ec-b8a2-a9137ac9611d,blindfolded.vip,premium,181.33,15.73,medium,low,11,spaceship,,,02/10/2026 12:46
21ea3375-e97f-413b-a838-7b0d5e6f3b87,industrious.vip,premium,191.57,16.9,high,low,11,porkbun,,,03/10/2026 02:40
970c4e36-2cf7-4e17-9af0-49229baa3668,edgeless.vip,premium,218.75,24.99,medium,low,8,name.com,,,15/08/2026 08:37
803641f0-bc60-4620-be32-4ded2e6ec2c2,scarce.vip,available,4.98,10.98,medium,low,6,namecheap,,,09/09/2026 22:53
d535487c-8d19-4729-bc62-f74b170bc545,moses.vip,premium,3250,19.5,high,low,5,namecheap,,,19/09/2026 10:00
6078fa2b-abc5-4a06-9b12-aedb5b69d624,saute.vip,premium,960,17.7,high,low,5,namesilo,,,09/09/2026 22:00
15ba267e-42fa-464f-a6dc-fa2680fe154d,lxi.vip,premium,6250,24.99,medium,low,3,name.com,,,
21d71238-d4a2-4a65-b3cd-685041539943,lambs.vip,premium,825,5.03,medium,low,5,dynadot,,,01/10/2026 16:54
635f748b-1055-4138-b0b9-dfbccaf53152,fawning.vip,available,4.98,10.98,medium,low,7,namecheap,,,10/08/2026 19:43
65f72a12-39d3-4a26-95e6-c0a462262ca3,athwart.vip,available,4.98,10.98,medium,low,7,namecheap,,,13/09/2026 22:38
03f3a8f4-8d93-4bfd-9183-57c4fc690e03,ics.vip,premium,6500,19.5,high,low,3,namecheap,,,28/09/2026 21:49
771bfed8-27f7-4811-b4fa-bb6b6ff25543,allylic.vip,available,4.98,10.98,medium,low,7,namecheap,,,
b103a00f-0c31-45f0-948d-3547e30937b8,imposition.vip,premium,224,17.7,medium,low,10,namesilo,,,02/10/2026 05:23
66d982d9-3c49-47a3-b6c7-03f5962e8e45,unemployed.vip,premium,1107,17.7,medium,low,10,namesilo,,,28/09/2026 09:51
8030588f-ca45-4cd9-88bd-93b3a9f226cd,scapular.vip,available,4.98,10.98,medium,low,8,namecheap,,,09/09/2026 22:51
2ae9a13a-216c-4e1f-8dc5-0b5fd1af9867,defends.vip,available,4.49,5.03,low,low,7,dynadot,,,02/10/2026 02:36
17cbb314-929a-461e-bbf3-ee30ec4b1e13,demographics.vip,premium,,,high,low,12,,,,30/09/2026 06:26
b721c2f3-77ea-43d8-acd8-6bee073a7c61,steely.vip,available,4.98,10.98,medium,low,6,namecheap,,,10/09/2026 19:47
3ecec9dc-8319-4839-8480-cd55f6d6ff73,aries.vip,premium,3450,17.7,high,low,5,namesilo,,,20/09/2026 05:23
290a2d23-27de-426e-9ede-ef559e8f7b33,unsound.vip,available,4.99,19.49,medium,low,7,namesilo,,,24/09/2026 16:24
da5e34f7-21b9-4837-a988-3f0dbb333f8a,antiphon.vip,available,4.99,19.49,medium,low,8,namesilo,,,19/09/2026 14:56
9ceb4486-9a70-4d28-9bbb-f0b1fef63315,acclivity.vip,premium,227.5,19.5,high,low,9,namecheap,,,16/09/2026 22:40
cfbe5718-a948-4700-a673-cc146d6a4d48,particulars.vip,premium,227.5,19.5,medium,low,11,namecheap,,,02/10/2026 12:13
79c33799-d60d-479f-a9f1-2369cc2740b5,acyclovir.vip,premium,224,17.7,medium,low,9,namesilo,,,17/09/2026 05:41
464b2967-e293-43fd-8d68-e740de81dce9,based.vip,premium,1107,17.7,high,medium,5,namesilo,,,02/10/2026 05:57
1b45ee66-ed8a-4bc8-91bf-d4f71ce17621,kochia.vip,available,4.99,19.49,medium,low,6,namesilo,,,22/09/2026 12:18
032ac2aa-f5c9-4871-b3ae-3ef94dafdc3c,bharat.vip,resell,,,high,medium,6,"Chengdu West Dimension Digital Technology Co., Ltd.",28/07/2025 00:00,28/07/2027 00:00,26/09/2026 04:24
32035bd2-d800-445e-b8a1-515fd41a4081,imagining.vip,premium,224,17.7,high,low,9,namesilo,,,29/09/2026 14:49
57284afc-fe14-4f22-b081-6bd0c08e3c27,selectable.vip,premium,224,17.7,high,low,10,namesilo,,,02/10/2026 07:41
eba1c699-8141-421a-8b74-888a5d56ff05,facetious.vip,premium,218.75,24.99,medium,low,9,name.com,,,08/08/2026 14:39
73ab2dfa-b203-48d9-8237-4a08f373f8c9,beaked.vip,available,4.98,10.98,medium,low,6,namecheap,,,09/08/2026 03:50
9d51a027-7cc5-4baf-826c-b0415c5b8afb,qualifying.vip,premium,302.5,17.7,high,low,10,namesilo,,,23/08/2026 12:37
cdc3f796-29da-4365-b892-006a47ecdaad,este.vip,premium,,,high,low,4,,,,29/09/2026 15:17
5f03c2aa-cab1-41fe-bb46-bb13eacd4bbe,thick.vip,premium,3450,17.7,high,low,5,namesilo,,,22/09/2026 22:11
6a8e6c40-0711-4947-a601-418fe4cd046e,wording.vip,premium,175.5,,high,low,7,unstoppable,,,29/09/2026 08:51
1fa43c0c-4e7c-466a-9d89-225f25332ddc,subscriber.vip,resell,,,high,low,10,Dynadot Inc,05/06/2021 17:50,05/06/2027 17:50,26/09/2026 09:22
2c1f083a-8979-41f2-855e-71525461ba58,southport.vip,premium,53.92,17.7,medium,low,9,namesilo,,,29/09/2026 04:35
7f450b89-2143-4e99-a89b-37b5ce36f14b,markedly.vip,available,4.98,10.98,medium,low,8,namecheap,,,15/09/2026 13:31
727d2a70-fb8d-4ff9-85ef-82eec5924cc0,adamson.vip,available,4.99,19.49,medium,low,7,namesilo,,,28/09/2026 17:25
1af4735e-bfe5-4fa1-8c67-03c6cd42bab5,commencement.vip,premium,181.33,15.73,high,low,12,spaceship,,,02/10/2026 01:17
78874e9d-e31d-4136-95b7-4f52c9794328,blackburn.vip,premium,640,17.7,high,low,9,namesilo,,,24/09/2026 02:11
996131cc-aa85-4d23-b41f-2e907deba004,matching.vip,premium,218.75,24.99,high,low,8,name.com,,,12/08/2026 13:23
5797b9b6-dc42-4eb0-bca3-481cedf8e7a1,determination.vip,available,4.98,10.98,high,low,13,namecheap,,,19/09/2026 18:25
665125f9-a98f-4398-9704-9647346a0f62,basilar.vip,available,4.98,10.98,medium,low,7,namecheap,,,08/08/2026 22:16
1b4ba9ad-9259-4713-a782-454f266b251f,maria.vip,resell,,,high,low,5,Porkbun,17/05/2016 18:20,17/05/2027 18:20,26/09/2026 07:25
e69a8676-c27e-4c5e-9409-60d03a4beb7e,amarillo.vip,premium,640,17.7,medium,low,8,namesilo,,,18/09/2026 15:59
d1fbbf76-3c6e-4e32-a748-2852adcc9303,broiled.vip,available,4.98,10.98,medium,low,7,namecheap,,,11/08/2026 05:19
d2ab5dbc-2c2a-4e2c-89c1-154ab302deac,mesoamerican.vip,available,4.99,19.49,medium,low,12,namesilo,,,01/10/2026 06:11
1a87c14e-49dc-4d4c-a1bb-11f1b3b5566f,racy.vip,premium,218.75,24.99,medium,low,4,name.com,,,18/08/2026 18:00
b2032d65-945c-4d47-9da1-64f21d5e2ee9,miz.vip,premium,6900,17.7,high,low,3,namesilo,,,01/10/2026 23:06
2646ee7d-94c5-476b-98d1-9073961de46a,anesthesia.vip,premium,181.33,15.73,high,low,10,spaceship,,,28/09/2026 21:08
510050f6-9246-4d4b-bef2-ba0d0beed3b1,teaches.vip,premium,175.5,,medium,low,7,unstoppable,,,28/09/2026 08:58
1504a729-c055-47d9-9fb8-23a6bfb22b36,burkina.vip,available,15.2,15.2,high,high,7,cloudflare,,,28/09/2026 16:33
bd6e18d7-88fc-40d7-91ba-ce07123e4d2e,punishing.vip,premium,218.75,24.99,high,low,9,name.com,,,06/08/2026 17:10
fffeb2b1-3be3-475b-8155-80d87b686d80,spelling.vip,premium,175.5,,high,low,8,unstoppable,,,28/09/2026 03:07
2d528b3b-7056-43f8-a8b0-050c0a5c33ff,ayin.vip,premium,224,17.7,high,low,4,namesilo,,,21/09/2026 10:38
7d2088ae-b96a-41ca-9677-b27e67b0a865,peeling.vip,premium,192.5,5.03,high,low,7,dynadot,,,02/10/2026 04:35
c738b67b-7bb7-4532-be9a-a9b9b616c7b6,opioids.vip,premium,181.33,15.73,low,low,7,spaceship,,,30/09/2026 16:12
04d5720f-4a3f-4034-b229-9621a73c1eff,netherland.vip,available,20.5,,medium,low,10,unstoppable,,,30/09/2026 05:30
46e7ec35-56c6-48a4-9f09-5c9ef09c4b68,shiftless.vip,available,4.98,10.98,high,medium,9,namecheap,,,10/09/2026 06:28
bed63793-92d8-4097-aead-954aa2032757,neurotoxic.vip,available,4.98,10.98,medium,low,10,namecheap,,,03/09/2026 16:25
edd6dacb-626d-44f6-91ee-f3c367a01cc3,fca.vip,premium,5175.2,15.73,high,low,3,spaceship,,,30/09/2026 19:55
26922bd9-35aa-4407-b5a6-c55e0d50d541,conjunction.vip,premium,191.57,16.9,high,low,11,porkbun,,,02/10/2026 14:42
35577d17-a690-4901-8c22-cc2c26720ddd,askew.vip,premium,218.75,24.99,medium,low,5,name.com,,,07/08/2026 03:31
d86590b6-bd60-413a-b76e-ee43615a4e17,asdic.vip,available,4.99,19.49,medium,low,5,namesilo,,,20/09/2026 13:30
392dd550-fb59-4b47-92c9-60bace1f1f64,nanny.vip,premium,6900,17.7,medium,low,5,namesilo,,,28/09/2026 10:30
fba20bc7-1129-4b73-81e1-7b5b53a24cef,irritating.vip,premium,218.75,24.99,medium,low,10,name.com,,,
55871773-a94a-4135-9159-e7c253e16714,throbbing.vip,premium,224,17.7,high,low,9,namesilo,,,11/09/2026 14:47
02eb5ed4-87e2-456b-8b4e-0d61934b3c9d,bellflower.vip,premium,224,17.7,medium,low,10,namesilo,,,23/09/2026 06:06
918d5f59-bdbe-4562-b89d-38f03b0d0ad3,housekeeper.vip,premium,224,17.7,high,low,11,namesilo,,,28/09/2026 11:27
997c51b0-9ca8-4ab5-8998-4806daff09bc,refractory.vip,premium,218.75,24.99,medium,low,10,name.com,,,18/08/2026 13:55
b9678a0a-c9df-4d9e-8a03-624d9293c950,macy.vip,premium,192.5,5.03,medium,low,4,dynadot,,,28/09/2026 22:01
cfec1c96-b76c-49fe-84e5-630490742b90,kleenex.vip,premium,191.57,16.9,high,low,7,porkbun,,,30/09/2026 01:39
f9123f16-e831-4990-9251-408c118a6db1,overhand.vip,premium,227.5,19.5,high,low,8,namecheap,,,04/09/2026 20:09
9d4859fe-997e-433e-8be9-acb6206cbffd,motherhood.vip,premium,175.5,,high,low,10,unstoppable,,,29/09/2026 19:42
d0387943-3f11-4d28-985e-8bd297e42a31,saleh.vip,resell,,,high,low,5,,,,29/09/2026 22:35
62d19674-ca19-4281-a55a-91abbbd4806a,choosing.vip,premium,175.5,,high,low,8,unstoppable,,,28/09/2026 03:32
8314aa6e-36cd-4729-9d4c-3a2004a20648,agnatic.vip,available,4.98,10.98,medium,low,7,namecheap,,,
a930940c-3b2a-4dfc-9352-908d7935352f,usefulness.vip,available,20.5,,high,low,10,unstoppable,,,30/09/2026 19:05
0ce14228-bd56-4ff3-87d3-54e7f96c1466,watertight.vip,premium,218.75,24.99,high,low,10,name.com,,,11/08/2026 08:34
462149f4-580b-4f86-a6af-db0c9fc2ec7c,disheveled.vip,available,4.98,10.98,medium,low,10,namecheap,,,14/08/2026 10:56
c3e8c128-c6ea-4e23-ad4f-929f80da1425,roommates.vip,premium,224,17.7,medium,low,9,namesilo,,,21/09/2026 02:59
57a31cde-f36e-47c6-b199-a40a08a28bfb,carrollton.vip,premium,640,17.7,high,low,10,namesilo,,,29/09/2026 22:42
f2bef19a-d4f1-43b7-b604-5e2f539aa0ce,awkward.vip,premium,975,19.5,high,low,7,namecheap,,,22/09/2026 15:31
e6ba34e0-ff01-46b6-9d92-265b733ff671,sisyphean.vip,available,4.98,10.98,medium,low,9,namecheap,,,10/09/2026 08:58
cf8abbde-1627-4564-a709-eae07b22d0cf,featuring.vip,premium,302.5,17.7,high,low,9,namesilo,,,29/09/2026 14:52
22ac83c0-ff8d-42d8-ae08-58b670a9d50d,movies.vip,premium,2587.7,15.73,high,low,6,spaceship,,,02/10/2026 21:58
b8dd5914-102c-47ed-ac00-6358a2ed6d0d,isometric.vip,premium,218.75,24.99,high,low,9,name.com,,,22/08/2026 11:10
da387ecf-4acd-43cf-8a4c-aefea1f9ca6f,necks.vip,premium,227.5,19.5,medium,low,5,namecheap,,,19/09/2026 20:42
8be2719a-3014-4eaa-a468-ee92346c7945,uncarved.vip,available,4.98,10.98,medium,low,8,namecheap,,,12/09/2026 04:48
c8e329bc-07f8-4120-8e9f-88551065e71b,rayburn.vip,premium,192.5,5.03,high,low,7,dynadot,,,30/09/2026 20:29
cb9593dd-5c02-4072-924a-70feb38a4bf2,wired.vip,premium,3250,19.5,high,low,5,namecheap,,,27/09/2026 08:11
1f4f590e-2905-4ecb-9362-a3d9aa04ecdb,dominating.vip,available,4.98,10.98,medium,low,10,namecheap,,,07/08/2026 19:40
4ccca7a4-c026-4d08-b969-d760a9424785,tyndale.vip,available,4.99,19.49,medium,low,7,namesilo,,,03/10/2026 02:15
d3c4885b-fa0b-466c-80fb-4f9cd074f984,dinosaur.vip,premium,960,17.7,high,low,8,namesilo,,,29/09/2026 15:02
2f43079a-eaa9-4a18-a7dd-c8214fd3cdc7,legged.vip,available,4.98,10.98,medium,low,6,namecheap,,,22/08/2026 22:55
07e8d329-cea1-435a-b51a-644ce67b766a,blot.vip,premium,191.57,16.9,high,low,4,porkbun,,,02/10/2026 23:36
7375a8ad-a73e-48d5-8ff7-8ed36c1c8dec,seymour.vip,premium,224,17.7,high,low,7,namesilo,,,25/09/2026 07:56
3341962f-8e12-4bb3-92e5-e4445558e984,diagonally.vip,available,4.98,10.98,medium,low,10,namecheap,,,14/09/2026 12:34
b64f760e-9c9a-4d14-b978-0c20cc688aa9,maternally.vip,available,4.98,10.98,medium,low,10,namecheap,,,25/08/2026 07:10
46c64cbd-efd4-4eec-9972-31852a9c8d0a,consist.vip,premium,1107,17.7,high,low,7,namesilo,,,30/09/2026 17:36
70979648-a00b-4e75-80da-b50cbe9a554f,struggle.vip,premium,960,17.7,high,low,8,namesilo,,,29/09/2026 09:49
f8960873-6abf-4830-8bb1-27ee2cafe236,scarred.vip,premium,224,17.7,medium,low,7,namesilo,,,25/09/2026 17:02
8ac1782b-ec82-47e2-ba8e-800e76e58606,deficiency.vip,premium,175.5,,medium,low,10,unstoppable,,,29/09/2026 18:36